state,event_type,county,date,time,in_direct,in_indirect,deaths_direct,deaths_indirect,f_scale,length,location,damage_property,damage_crops,f_scale_values
MISSISSIPPI,Tornado,COPIAH,1/21/2016,16:14:00,0,0,0,0,EF0,3.03,BEECH GROVE,"$17,000.00 ",$0.00 ,0
MISSISSIPPI,Tornado,SCOTT,1/21/2016,17:46:00,0,0,0,0,EF0,2.09,HOMEWOOD,"$9,000.00 ",$0.00 ,0
MINNESOTA,Tornado,WABASHA,7/5/2016,19:28:00,0,0,0,0,EF1,0.09,OAK CENTER,"$5,000.00 ",$0.00 ,1
OHIO,Tornado,PAULDING,8/24/2016,16:53:00,0,0,0,0,EF2,2.8,KNOXDALE,$0.00 ,$0.00 ,2
OHIO,Tornado,HENRY,8/24/2016,17:48:00,0,0,0,0,EF1,2.8,OKOLONA,$0.00 ,$0.00 ,1
IOWA,Tornado,DICKINSON,6/14/2016,13:22:00,0,0,0,0,EF0,0.36,WEST OKOBOJI,"$1,000.00 ",$0.00 ,0
GEORGIA,Tornado,GRADY,2/24/2016,2:45:00,0,0,0,0,EF1,12.81,BOYDVILLE,"$20,000.00 ",$0.00 ,1
NEBRASKA,Tornado,CHEYENNE,5/30/2016,13:07:00,0,0,0,0,EF0,0.48,LORENZO,$0.00 ,$0.00 ,0
NEBRASKA,Tornado,CHEYENNE,5/30/2016,13:05:00,0,0,0,0,EF0,0.83,LORENZO,$0.00 ,$0.00 ,0
GEORGIA,Tornado,EARLY,2/24/2016,0:07:00,0,0,0,0,EF1,2.24,KOLOMOKI MOUNDS STATE PARK,$0.00 ,$0.00 ,1
GEORGIA,Tornado,TERRELL,2/24/2016,0:55:00,0,0,0,0,EF1,5.09,CLARKS MILL,$0.00 ,$0.00 ,1
GEORGIA,Tornado,LEE,2/24/2016,1:26:00,0,0,0,0,EF1,0.2,CHOKEE,"$50,000.00 ",$0.00 ,1
WEST VIRGINIA,Tornado,BARBOUR,6/21/2016,20:30:00,0,0,0,0,EF1,0.36,TACY,"$20,000.00 ",$0.00 ,1
WASHINGTON,Tornado,SPOKANE,7/22/2016,14:20:00,0,0,0,0,EF0,0.2,AIRWAY HGTS,$0.00 ,$0.00 ,0
NEW JERSEY,Tornado,WARREN,7/14/2016,13:46:00,0,0,0,0,EF0,2.8,ROXBURG,$0.00 ,$0.00 ,0
MONTANA,Tornado,SHERIDAN,5/9/2016,18:25:00,0,0,0,0,EF0,0.46,HOMESTEAD,$0.00 ,$0.00 ,0
SOUTH CAROLINA,Tornado,LEXINGTON,2/3/2016,14:28:00,0,0,0,0,EF0,0.69,DIXIANA,"$50,000.00 ",$0.00 ,0
ALABAMA,Tornado,HOUSTON,2/23/2016,22:31:00,0,0,0,0,EF1,1.63,KELLY SPRINGS,"$50,000.00 ",$0.00 ,1
ALABAMA,Tornado,HOUSTON,2/23/2016,22:34:00,0,0,0,0,EF1,3.66,KELLY SPRINGS,"$75,000.00 ",$0.00 ,1
ALABAMA,Tornado,HENRY,2/23/2016,22:54:00,0,0,0,0,EF0,0.4,MILLER,$0.00 ,$0.00 ,0
SOUTH CAROLINA,Tornado,CHESTERFIELD,2/24/2016,15:16:00,0,0,0,0,EF0,8.89,PATRICK,$0.00 ,$0.00 ,0
ILLINOIS,Tornado,CHAMPAIGN,9/9/2016,17:31:00,0,0,0,0,EF2,6.26,BLOCK,"$800,000.00 ","$100,000.00 ",2
ILLINOIS,Tornado,ROCK ISLAND,3/15/2016,18:25:00,10,0,0,0,EF2,4.78,BARSTOW,"$750,000.00 ",$0.00 ,2
ALABAMA,Tornado,HENRY,2/23/2016,22:38:00,0,0,0,0,EF1,1.09,HEADLAND,"$50,000.00 ",$0.00 ,1
KANSAS,Tornado,ROOKS,5/8/2016,18:21:00,0,0,0,0,EF2,0.38,CODELL,"$2,000.00 ",$0.00 ,2
TEXAS,Tornado,BRAZOS,5/26/2016,11:30:00,0,0,0,0,EF1,2.86,HARVEY,"$7,000,000.00 ",$0.00 ,1
ALABAMA,Tornado,HOUSTON,2/23/2016,22:24:00,0,0,0,0,EF1,1.01,HOLLIS DAIRY RD,$0.00 ,$0.00 ,1
ALABAMA,Tornado,HOUSTON,2/23/2016,22:15:00,0,0,0,0,EF0,2.76,WICKSBURG,"$50,000.00 ",$0.00 ,0
ALABAMA,Tornado,HOUSTON,2/23/2016,22:29:00,0,0,0,0,EF1,2.03,BRANNON STAND,$0.00 ,$0.00 ,1
KANSAS,Tornado,ROOKS,5/8/2016,18:27:00,0,0,0,0,EF1,2.82,CODELL,"$15,000.00 ",$0.00 ,1
CALIFORNIA,Tornado,SAN BENITO,1/6/2016,8:50:00,0,0,0,0,EF0,0.67,DUNNEVILLE CORNERS,$0.00 ,$0.00 ,0
LOUISIANA,Tornado,JEFFERSON DAVIS,2/15/2016,13:04:00,0,0,0,0,EF0,0.78,NIBLETT,$0.00 ,$0.00 ,0
ALABAMA,Tornado,HENRY,2/23/2016,23:02:00,0,0,0,0,EF1,0.5,HARDWICKBURG,$0.00 ,$0.00 ,1
FLORIDA,Tornado,POLK,6/1/2016,17:45:00,0,0,0,0,EF0,0.7,HIGHLAND PARK,"$5,000.00 ",$0.00 ,0
ALABAMA,Tornado,DALE,2/23/2016,22:28:00,0,0,0,0,EF0,1.79,CURRYTOWN,$0.00 ,$0.00 ,0
ARKANSAS,Tornado,CHICOT,3/13/2016,20:15:00,1,0,0,0,EF1,6.36,DERMOTT,"$2,500,000.00 ",$0.00 ,1
MINNESOTA,Tornado,PIPESTONE,6/14/2016,12:52:00,0,0,0,0,EF0,3.78,PIPESTONE ARPT,$0.00 ,$0.00 ,0
FLORIDA,Tornado,PINELLAS,4/7/2016,5:37:00,0,0,0,0,EF0,0.13,CLEARWATER BEACH,"$5,000.00 ",$0.00 ,0
FLORIDA,Tornado,PASCO,4/7/2016,4:51:00,0,0,0,0,EF0,3.08,JASMINE ESTATES,"$100,000.00 ",$0.00 ,0
LOUISIANA,Tornado,ST. HELENA,3/31/2016,4:55:00,0,0,0,0,EF1,0.18,GREENSBURG,$0.00 ,$0.00 ,1
LOUISIANA,Tornado,TANGIPAHOA,3/31/2016,5:05:00,0,0,0,0,EF1,4.6,FLUKER,$0.00 ,$0.00 ,1
KANSAS,Tornado,SEWARD,12/25/2016,8:55:00,0,0,0,0,EF0,0.65,KISMET,$0.00 ,$0.00 ,0
ALABAMA,Tornado,COVINGTON,2/15/2016,17:00:00,1,0,0,0,EF1,4.53,SOUTH,"$100,000.00 ",$0.00 ,1
FLORIDA,Tornado,LEE,1/9/2016,18:45:00,3,0,0,0,EF2,3.35,MATLACHA,"$2,000,000.00 ",$0.00 ,2
MISSISSIPPI,Tornado,LAMAR,1/21/2016,18:49:00,0,0,0,0,EF2,6.46,OTOB,"$65,000.00 ",$0.00 ,2
MISSISSIPPI,Tornado,COPIAH,1/21/2016,16:26:00,0,0,0,0,EF1,4.33,PEETSVILLE,"$155,000.00 ",$0.00 ,1
FLORIDA,Tornado,MONROE,1/8/2016,6:30:00,0,0,0,0,EF0,0.09,KEY COLONY BEACH,"$2,000.00 ",$0.00 ,0
FLORIDA,Tornado,LEE,1/15/2016,11:10:00,0,0,0,0,EF1,0.19,WHISKEY CREEK,"$200,000.00 ",$0.00 ,1
FLORIDA,Tornado,MARTIN,1/17/2016,7:13:00,0,0,0,0,EF1,0.8,GOMEZ,"$100,000.00 ",$0.00 ,1
ALABAMA,Tornado,BUTLER,3/24/2016,13:30:00,0,0,0,0,EF0,0.38,MC KENZIE,"$8,000.00 ",$0.00 ,0
NORTH CAROLINA,Tornado,DUPLIN,2/24/2016,12:57:00,0,0,0,0,EF0,0.54,WARSAW,"$5,000.00 ",$0.00 ,0
NORTH CAROLINA,Tornado,DUPLIN,2/24/2016,13:13:00,0,0,0,0,EF1,0.17,BEAUTANCUS,"$100,000.00 ",$0.00 ,1
LOUISIANA,Tornado,TANGIPAHOA,1/21/2016,17:58:00,0,0,0,0,EF1,0.24,TANGIPAHOA,$0.00 ,$0.00 ,1
FLORIDA,Tornado,BROWARD,1/27/2016,9:30:00,2,0,0,0,EF1,2.29,(FXE)FT LAUDRDL EXEC,"$850,000.00 ",$0.00 ,1
FLORIDA,Tornado,PALM BEACH,1/28/2016,10:32:00,0,0,0,0,EF0,7.12,DELRAY BEACH,$0.00 ,$0.00 ,0
FLORIDA,Tornado,HILLSBOROUGH,2/24/2016,12:45:00,0,0,0,0,EF0,0.92,FORT LONESOME,$0.00 ,$0.00 ,0
FLORIDA,Tornado,CHARLOTTE,2/24/2016,13:15:00,0,0,0,0,EF0,0.22,MURDOCK,"$50,000.00 ",$0.00 ,0
FLORIDA,Tornado,CHARLOTTE,2/24/2016,13:22:00,1,0,0,0,EF1,2.72,CHARLOTTE HARBOR,"$1,600,000.00 ",$0.00 ,1
LOUISIANA,Tornado,JEFFERSON,2/23/2016,11:11:00,0,0,0,0,EF0,0.58,MOISANT ARPT,$0.00 ,$0.00 ,0
LOUISIANA,Tornado,ST. JOHN THE BAPTIST,2/23/2016,16:15:00,0,0,0,0,EF1,3.15,RUDDOCK,$0.00 ,$0.00 ,1
ALABAMA,Tornado,LAMAR,2/2/2016,20:10:00,0,0,0,0,EF1,4.13,BEAVERTON,$0.00 ,$0.00 ,1
ALABAMA,Tornado,PICKENS,2/2/2016,23:02:00,0,0,0,0,EF0,4.18,MELROSE,$0.00 ,$0.00 ,0
NORTH CAROLINA,Tornado,CARTERET,2/16/2016,8:51:00,0,0,0,0,EF1,4.23,DAVIS,"$100,000.00 ",$0.00 ,1
FLORIDA,Tornado,MANATEE,2/24/2016,12:27:00,0,0,0,0,EF1,8.58,OAK KNOLL,$0.00 ,$0.00 ,1
TENNESSEE,Tornado,CROCKETT,2/2/2016,16:55:00,1,0,0,0,EF1,2.64,CROSS RD,"$150,000.00 ",$0.00 ,1
ALABAMA,Tornado,PICKENS,2/23/2016,16:22:00,0,0,0,0,EF0,4.8,REFORM NO PICKENS AR,$0.00 ,$0.00 ,0
FLORIDA,Tornado,SARASOTA,1/17/2016,3:10:00,2,0,0,0,EF2,1.15,PINE SHRS,"$12,000,000.00 ",$0.00 ,2
FLORIDA,Tornado,MANATEE,1/17/2016,3:35:00,4,0,2,0,EF2,9.2,OAK KNOLL,"$150,000.00 ",$0.00 ,2
GEORGIA,Tornado,WARE,4/1/2016,16:35:00,0,0,0,0,EF1,2.46,MILLWOOD,$0.00 ,$0.00 ,1
ALABAMA,Tornado,MARION,2/23/2016,18:01:00,0,0,0,0,EF1,2.22,WIGINTON,$0.00 ,$0.00 ,1
ALABAMA,Tornado,SHELBY,2/24/2016,4:04:00,0,0,0,0,EF0,1.11,SHELBY SPGS,$0.00 ,$0.00 ,0
MISSISSIPPI,Tornado,WAYNE,2/23/2016,17:46:00,0,0,0,0,EF1,1.06,STATE LINE,"$100,000.00 ",$0.00 ,1
GEORGIA,Tornado,CLAY,4/7/2016,1:41:00,0,0,0,0,EF1,3.45,BELLVILLE,$0.00 ,$0.00 ,1
FLORIDA,Tornado,SANTA ROSA,2/23/2016,20:17:00,0,0,0,0,EF1,2.68,MULAT,"$75,000.00 ",$0.00 ,1
FLORIDA,Tornado,WALTON,1/22/2016,1:44:00,0,0,0,0,EF0,3.03,CANEY CREEK,$0.00 ,$0.00 ,0
FLORIDA,Tornado,CALHOUN,1/22/2016,3:49:00,0,0,0,0,EF0,1.17,BROAD BRANCH,$0.00 ,$0.00 ,0
MISSISSIPPI,Tornado,PEARL RIVER,2/23/2016,15:50:00,0,0,0,0,EF1,2.83,WHITE SAND,$0.00 ,$0.00 ,1
MISSISSIPPI,Tornado,PEARL RIVER,2/23/2016,15:49:00,0,0,0,0,EF1,9.52,CYBUR,$0.00 ,$0.00 ,1
LOUISIANA,Tornado,ST. HELENA,2/23/2016,13:14:00,0,0,0,0,EF0,0.3,MONTPELIER,$0.00 ,$0.00 ,0
MISSISSIPPI,Tornado,HINDS,2/15/2016,11:00:00,0,0,0,0,EF0,0.52,CLINTON,"$3,000.00 ",$0.00 ,0
MISSISSIPPI,Tornado,WINSTON,2/15/2016,12:45:00,0,0,0,0,EF1,2.51,HINZE,"$45,000.00 ",$0.00 ,1
MISSISSIPPI,Tornado,KEMPER,2/2/2016,15:53:00,0,0,0,0,EF2,17.08,CARTERS,"$250,000.00 ",$0.00 ,2
MISSISSIPPI,Tornado,WALTHALL,2/15/2016,13:15:00,2,0,0,0,EF1,5,LEXIE,$0.00 ,$0.00 ,1
MISSISSIPPI,Tornado,LEAKE,2/15/2016,12:15:00,0,0,0,0,EF1,1.88,CONWAY,"$800,000.00 ",$0.00 ,1
MISSISSIPPI,Tornado,COPIAH,2/15/2016,12:10:00,0,0,0,0,EF2,16.6,WESSON,"$900,000.00 ",$0.00 ,2
ILLINOIS,Tornado,MONTGOMERY,4/27/2016,17:23:00,0,0,0,0,EF0,4.94,RAYMOND,$0.00 ,$0.00 ,0
KANSAS,Tornado,SHAWNEE,5/26/2016,15:06:00,0,0,0,0,EF0,1.81,SILVER LAKE,$0.00 ,$0.00 ,0
MISSISSIPPI,Tornado,SMITH,2/15/2016,13:24:00,0,0,0,0,EF0,2.1,COHAY,"$15,000.00 ",$0.00 ,0
MISSISSIPPI,Tornado,NOXUBEE,2/2/2016,16:18:00,0,0,0,0,EF0,1.44,COOKSVILLE,"$20,000.00 ",$0.00 ,0
NORTH CAROLINA,Tornado,GRANVILLE,2/24/2016,16:32:00,0,0,0,0,EF2,2.59,HUNTSBORO,"$500,000.00 ",$0.00 ,2
MISSISSIPPI,Tornado,SIMPSON,2/15/2016,12:34:00,0,0,0,0,EF1,13.74,SCHLEY,"$60,000.00 ",$0.00 ,1
MISSISSIPPI,Tornado,SMITH,2/15/2016,13:43:00,0,0,0,0,EF1,2.72,SYLVARENA,"$250,000.00 ",$0.00 ,1
KANSAS,Tornado,COWLEY,3/30/2016,15:48:00,0,0,0,0,EF0,0.5,DEXTER,$0.00 ,$0.00 ,0
MISSOURI,Tornado,ST. CHARLES,4/26/2016,12:24:00,0,0,0,0,EF0,0.32,CAPPELN,$0.00 ,$0.00 ,0
TEXAS,Tornado,ERATH,3/8/2016,6:30:00,0,0,0,0,EF0,0.29,DUBLIN,"$130,000.00 ",$0.00 ,0
TEXAS,Tornado,ERATH,3/8/2016,6:55:00,0,0,0,0,EF1,2.19,STEPHENVILLE,"$500,000.00 ",$0.00 ,1
TEXAS,Tornado,HARRISON,4/29/2016,21:21:00,0,0,0,0,EF1,5.58,ELYSIAN FLDS,$0.00 ,$0.00 ,1
MISSISSIPPI,Tornado,LAUDERDALE,2/2/2016,15:19:00,0,0,0,0,EF2,10.03,SCHAMBERVILLE,"$1,450,000.00 ",$0.00 ,2
LOUISIANA,Tornado,IBERVILLE,2/23/2016,11:20:00,0,0,0,0,EF0,3.32,SAMTOWN,$0.00 ,$0.00 ,0
LOUISIANA,Tornado,ASCENSION,2/23/2016,12:08:00,0,0,0,0,EF0,1.61,OAK GROVE,$0.00 ,$0.00 ,0
LOUISIANA,Tornado,IBERVILLE,2/23/2016,15:10:00,0,0,0,0,EF0,1.03,GOLDRIDGE,$0.00 ,$0.00 ,0
NORTH CAROLINA,Tornado,WAYNE,2/24/2016,13:10:00,0,0,0,0,EF0,1.01,SEVEN SPGS,"$50,000.00 ",$0.00 ,0
MISSISSIPPI,Tornado,MARION,2/23/2016,15:54:00,0,0,0,0,EF1,2.32,TWIN,"$25,000.00 ",$0.00 ,1
MISSISSIPPI,Tornado,LAMAR,2/23/2016,16:07:00,0,0,0,0,EF0,0.1,BAXTERVILLE,"$5,000.00 ",$0.00 ,0
TEXAS,Tornado,HOOD,3/8/2016,7:36:00,0,0,0,0,EF0,0.01,GRANBURY,"$4,000.00 ",$0.00 ,0
LOUISIANA,Tornado,ASSUMPTION,2/23/2016,15:21:00,0,0,0,0,EF3,7.78,WESTFIELD,$0.00 ,$0.00 ,3
LOUISIANA,Tornado,ST. JAMES,2/23/2016,15:31:00,75,0,2,0,EF2,12.95,UNION,$0.00 ,$0.00 ,2
LOUISIANA,Tornado,ST. TAMMANY,2/23/2016,16:41:00,0,0,0,0,EF0,0.38,HOULTONVILLE,$0.00 ,$0.00 ,0
OHIO,Tornado,MONTGOMERY,3/14/2016,13:16:00,0,0,0,0,EF1,2.98,BROOKVILLE RASOR ARP,"$250,000.00 ",$0.00 ,1
MISSISSIPPI,Tornado,SMITH,2/15/2016,13:52:00,0,0,0,0,EF1,1.45,TED,"$8,000.00 ",$0.00 ,1
MISSISSIPPI,Tornado,LAMAR,2/23/2016,16:29:00,0,0,0,0,EF1,1.42,OKAHOLA,"$10,000.00 ",$0.00 ,1
MISSISSIPPI,Tornado,FORREST,2/23/2016,18:01:00,0,0,0,0,EF0,3.92,CARNES,"$15,000.00 ",$0.00 ,0
NORTH CAROLINA,Tornado,VANCE,2/24/2016,16:35:00,0,0,0,0,EF2,2.48,DEXTER,"$100,000.00 ",$0.00 ,2
LOUISIANA,Tornado,ST. JOHN THE BAPTIST,2/23/2016,16:32:00,17,0,0,0,EF2,4.69,MONTEGUT,$0.00 ,$0.00 ,2
PENNSYLVANIA,Tornado,BRADFORD,2/24/2016,19:20:00,0,0,0,0,EF1,1.09,LIMEHILL,"$25,000.00 ",$0.00 ,1
GEORGIA,Tornado,GRADY,3/31/2016,18:38:00,0,0,0,0,EF0,0.29,ELPINO,"$2,000.00 ",$0.00 ,0
MISSOURI,Tornado,BARRY,3/23/2016,22:08:00,0,0,0,0,EF1,3.17,FLAT CREEK,$0.00 ,$0.00 ,1
OHIO,Tornado,DARKE,3/14/2016,13:26:00,0,0,0,0,EF1,2.25,ARCANUM,"$75,000.00 ",$0.00 ,1
TEXAS,Tornado,LA SALLE,4/17/2016,18:24:00,0,0,0,0,EF0,0.02,LOS ANGELES,$0.00 ,$0.00 ,0
MISSISSIPPI,Tornado,LAMAR,2/23/2016,16:15:00,0,0,1,0,EF2,5.63,BAXTERVILLE,"$105,000.00 ",$0.00 ,2
MISSISSIPPI,Tornado,YAZOO,2/23/2016,16:42:00,0,0,0,0,EF0,1.15,BENTON,"$25,000.00 ",$0.00 ,0
MISSISSIPPI,Tornado,SIMPSON,2/23/2016,16:46:00,0,0,0,0,EF0,0.62,POKAL,"$13,000.00 ",$0.00 ,0
TEXAS,Tornado,SAN PATRICIO,5/30/2016,8:54:00,0,0,0,0,EF0,0.55,TAFT SOUTHWEST,"$50,000.00 ",$0.00 ,0
ALABAMA,Tornado,MONTGOMERY,2/15/2016,16:00:00,0,0,0,0,EF0,2.46,MATHEWS,$0.00 ,$0.00 ,0
NORTH CAROLINA,Tornado,DURHAM,2/24/2016,16:00:00,0,0,0,0,EF1,0.43,HUCKLEBERRY SPG,"$100,000.00 ",$0.00 ,1
TEXAS,Tornado,CHEROKEE,4/29/2016,18:54:00,0,0,0,0,EF1,1.06,REKLAW,"$15,000.00 ",$0.00 ,1
KENTUCKY,Tornado,CALLOWAY,3/12/2016,21:22:00,0,0,0,0,EF0,0.32,MIDWAY,"$30,000.00 ",$0.00 ,0
LOUISIANA,Tornado,LIVINGSTON,2/23/2016,12:42:00,0,0,0,0,EF2,4.33,LIVINGSTON,$0.00 ,$0.00 ,2
LOUISIANA,Tornado,ST. TAMMANY,2/23/2016,17:13:00,0,0,0,0,EF0,1.5,LACOMBE,$0.00 ,$0.00 ,0
ALABAMA,Tornado,FAYETTE,2/2/2016,17:36:00,0,0,0,0,EF1,6.12,NEWTONVILLE,$0.00 ,$0.00 ,1
TEXAS,Tornado,HARRISON,4/29/2016,23:34:00,0,0,0,0,EF1,6.63,WOODLAWN,"$30,000.00 ",$0.00 ,1
ALABAMA,Tornado,LEE,2/15/2016,19:07:00,0,0,0,0,EF0,0.51,J C MEADOWS XRDS,$0.00 ,$0.00 ,0
TEXAS,Tornado,CHEROKEE,4/29/2016,18:33:00,0,0,0,0,EF2,7.19,MORRILL,"$700,000.00 ",$0.00 ,2
ALABAMA,Tornado,PICKENS,2/2/2016,16:34:00,1,0,0,0,EF2,26.2,DANCY,$0.00 ,$0.00 ,2
ALABAMA,Tornado,RUSSELL,2/15/2016,19:00:00,0,0,0,0,EF0,6.58,UNLAND,$0.00 ,$0.00 ,0
ALABAMA,Tornado,PIKE,2/15/2016,18:20:00,0,0,0,0,EF1,4.98,HAMILTON XRDS,$0.00 ,$0.00 ,1
KANSAS,Tornado,MORRIS,5/25/2016,20:27:00,0,0,0,0,EF1,5.3,DWIGHT,$0.00 ,$0.00 ,1
KANSAS,Tornado,WABAUNSEE,5/25/2016,21:25:00,0,0,0,0,EF1,3.53,ESKRIDGE,$0.00 ,$0.00 ,1
KANSAS,Tornado,POTTAWATOMIE,5/26/2016,13:20:00,0,0,0,0,EF1,5.49,WAMEGO,$0.00 ,$0.00 ,1
KENTUCKY,Tornado,CHRISTIAN,3/27/2016,18:35:00,0,0,0,0,EF0,0.38,MT CARMEL,"$1,000.00 ",$0.00 ,0
ALABAMA,Tornado,RUSSELL,2/15/2016,18:57:00,0,0,0,0,EF1,6.8,UCHEE,$0.00 ,$0.00 ,1
PENNSYLVANIA,Tornado,LANCASTER,2/24/2016,19:38:00,0,0,0,0,EF2,4.87,GAP,"$8,000,000.00 ",$0.00 ,2
MISSISSIPPI,Tornado,KEMPER,2/2/2016,15:32:00,0,0,0,0,EF1,11.2,PRISMATIC,"$35,000.00 ",$0.00 ,1
MISSISSIPPI,Tornado,LINCOLN,2/23/2016,15:45:00,0,0,0,0,EF1,0.46,ARLINGTON,"$40,000.00 ",$0.00 ,1
TEXAS,Tornado,SMITH,4/29/2016,16:55:00,2,0,0,0,EF2,7.38,LINDALE,"$300,000.00 ",$0.00 ,2
TEXAS,Tornado,UPSHUR,4/29/2016,17:26:00,0,0,0,0,EF1,5.56,RHONESBORO,$0.00 ,$0.00 ,1
TEXAS,Tornado,WHARTON,2/23/2016,5:53:00,0,0,0,0,EF0,2.02,NEWGULF,$0.00 ,$0.00 ,0
MISSISSIPPI,Tornado,JASPER,2/15/2016,13:54:00,0,0,0,0,EF1,13.17,HAMLET,"$600,000.00 ",$0.00 ,1
LOUISIANA,Tornado,AVOYELLES,2/15/2016,10:22:00,0,0,0,0,EF0,0.32,DUPONT,"$10,000.00 ",$0.00 ,0
TEXAS,Tornado,NAVARRO,3/8/2016,12:23:00,0,0,0,0,EF1,1.91,ROUND PRAIRIE,"$70,000.00 ",$0.00 ,1
LOUISIANA,Tornado,CALCASIEU,3/24/2016,12:45:00,0,0,0,0,EF1,0.14,LAKE CHARLES,"$7,000.00 ",$0.00 ,1
TEXAS,Tornado,WOOD,4/29/2016,17:06:00,0,0,0,0,EF1,13,HAWKINS,"$75,000.00 ",$0.00 ,1
MISSISSIPPI,Tornado,NEWTON,2/2/2016,14:48:00,0,0,0,0,EF1,7.13,CALHOUN,"$120,000.00 ",$0.00 ,1
NORTH CAROLINA,Tornado,DAVIDSON,2/3/2016,13:02:00,0,0,0,0,EF0,1.03,LEXINGTON ARPT,"$25,000.00 ",$0.00 ,0
TEXAS,Tornado,HENDERSON,3/8/2016,12:37:00,0,0,0,0,EF0,5.3,TRINIDAD,"$200,000.00 ",$0.00 ,0
TENNESSEE,Tornado,BENTON,3/27/2016,16:24:00,0,0,0,0,EF1,2.01,GISMONDA,"$25,000.00 ",$0.00 ,1
KENTUCKY,Tornado,CHRISTIAN,3/27/2016,18:11:00,0,0,0,0,EF0,3.4,CROFTON,"$6,000.00 ",$0.00 ,0
NORTH CAROLINA,Tornado,DAVIDSON,2/3/2016,13:14:00,0,0,0,0,EF1,1.67,HOLLY GROVE,"$100,000.00 ",$0.00 ,1
TENNESSEE,Tornado,LEWIS,3/31/2016,15:45:00,0,0,0,0,EF0,0.71,HOHENWALD BAKER ARPT,"$5,000.00 ",$0.00 ,0
TENNESSEE,Tornado,LEWIS,3/31/2016,15:36:00,0,0,0,0,EF0,0.4,HOHENWALD BAKER ARPT,"$5,000.00 ",$0.00 ,0
KENTUCKY,Tornado,CHRISTIAN,3/27/2016,18:00:00,0,0,0,0,EF2,15.46,HAWKINS,"$1,000,000.00 ",$0.00 ,2
KENTUCKY,Tornado,DAVIESS,3/31/2016,13:02:00,0,0,0,0,EF1,2.97,SUTHERLAND,"$100,000.00 ",$0.00 ,1
MISSISSIPPI,Tornado,NOXUBEE,2/2/2016,17:27:00,0,0,0,0,EF1,6.59,SHUQUALAK,"$170,000.00 ",$0.00 ,1
MISSISSIPPI,Tornado,NESHOBA,2/2/2016,18:39:00,0,0,0,0,EF1,0.68,NESHOBA,"$22,000.00 ",$0.00 ,1
LOUISIANA,Tornado,ST. MARY,2/23/2016,14:37:00,0,0,0,0,EF1,2.62,BALDWIN,"$40,000.00 ",$0.00 ,1
GEORGIA,Tornado,LIBERTY,2/3/2016,17:00:00,0,0,0,0,EF0,5.7,CAMP STEWART,"$5,080,000.00 ",$0.00 ,0
OHIO,Tornado,DARKE,3/14/2016,13:26:00,0,0,0,0,EF0,0.75,PITSBURG,"$20,000.00 ",$0.00 ,0
TEXAS,Tornado,HARRISON,4/29/2016,21:46:00,0,0,0,0,EF1,5.77,JONESVILLE,"$50,000.00 ",$0.00 ,1
OKLAHOMA,Tornado,BRYAN,5/9/2016,17:22:00,0,0,0,0,EF2,3.4,BENNINGTON,$0.00 ,$0.00 ,2
MISSOURI,Tornado,STONE,3/23/2016,22:11:00,0,0,0,0,EF1,0.66,CAPE FAIR,$0.00 ,$0.00 ,1
OKLAHOMA,Tornado,COAL,5/9/2016,16:33:00,0,0,0,0,EF0,0.46,BROMIDE,$0.00 ,$0.00 ,0
TENNESSEE,Tornado,HARDIN,3/31/2016,15:28:00,0,0,0,0,EF1,1.46,COUNCE,"$25,000.00 ",$0.00 ,1
OHIO,Tornado,PREBLE,3/14/2016,12:38:00,0,0,0,0,EF1,1.14,KITSON CORNERS,"$60,000.00 ",$0.00 ,1
OHIO,Tornado,MIAMI,3/14/2016,13:30:00,0,0,0,0,EF0,0.68,POTSDAM,"$75,000.00 ",$0.00 ,0
NORTH CAROLINA,Tornado,BERTIE,2/24/2016,14:54:00,0,0,0,0,EF0,0.48,COLERAIN,"$25,000.00 ",$0.00 ,0
TENNESSEE,Tornado,PERRY,3/31/2016,15:31:00,0,0,0,0,EF0,3.09,SUGAR HILL,"$15,000.00 ",$0.00 ,0
ARKANSAS,Tornado,PHILLIPS,3/13/2016,18:54:00,0,0,0,0,EF0,2.88,MARVELL,"$25,000.00 ",$0.00 ,0
ARKANSAS,Tornado,CROSS,3/13/2016,20:10:00,0,0,0,0,EF1,1.96,TOGO,"$25,000.00 ",$0.00 ,1
INDIANA,Tornado,LA PORTE,3/24/2016,12:26:00,0,0,0,0,EF0,0.09,THOMASTON,"$75,000.00 ",$0.00 ,0
KANSAS,Tornado,KEARNY,5/22/2016,18:12:00,0,0,0,0,EF1,2.82,DEERFIELD,$0.00 ,$0.00 ,1
KANSAS,Tornado,KEARNY,5/22/2016,18:29:00,0,0,0,0,EF0,4.8,LAKE MC KINNEY,$0.00 ,$0.00 ,0
TEXAS,Tornado,JASPER,4/27/2016,5:22:00,0,0,0,0,EF1,2.22,MAGNOLIA SPGS,"$7,000.00 ",$0.00 ,1
IOWA,Tornado,MONTGOMERY,4/27/2016,14:14:00,0,0,0,0,EF1,1.7,STANTON,$0.00 ,$0.00 ,1
GEORGIA,Tornado,CALHOUN,4/7/2016,1:45:00,5,0,0,0,EF2,11.45,MOYE,"$150,000.00 ",$0.00 ,2
FLORIDA,Tornado,PINELLAS,4/7/2016,5:55:00,0,0,0,0,EF0,0.79,COACHMAN,"$100,000.00 ",$0.00 ,0
VIRGINIA,Tornado,CAMPBELL,2/24/2016,15:27:00,0,0,0,0,EF0,0.43,MIKE,"$10,000.00 ",$0.00 ,0
MICHIGAN,Tornado,CASS,3/24/2016,14:14:00,0,0,0,0,EF0,1.34,EDWARDSBURG,"$100,000.00 ",$0.00 ,0
KENTUCKY,Tornado,DAVIESS,4/27/2016,17:22:00,0,0,0,0,EF0,4.16,PETTIT,"$100,000.00 ",$0.00 ,0
KENTUCKY,Tornado,DAVIESS,4/27/2016,17:36:00,0,0,0,0,EF1,2.86,DOYLE,"$75,000.00 ",$0.00 ,1
KANSAS,Tornado,MORTON,4/15/2016,19:52:00,0,0,0,0,EF0,3.5,ROLLA,$0.00 ,$0.00 ,0
LOUISIANA,Tornado,ST. LANDRY,4/30/2016,10:25:00,0,0,0,0,EF1,0.47,TATERVILLE,"$4,000.00 ",$0.00 ,1
OKLAHOMA,Tornado,OSAGE,3/30/2016,18:13:00,0,0,0,0,EF1,0.8,TULSA,"$75,000.00 ",$0.00 ,1
OKLAHOMA,Tornado,TULSA,3/30/2016,18:14:00,7,0,0,0,EF2,10.5,TUL DOWNTOWN ARPK,"$2,000,000.00 ",$0.00 ,2
KENTUCKY,Tornado,HOPKINS,4/27/2016,15:33:00,0,0,0,0,EF0,0.3,EARLINGTON,$0.00 ,$0.00 ,0
KENTUCKY,Tornado,WEBSTER,4/27/2016,16:15:00,0,0,0,0,EF0,1.22,ELMWOOD,$0.00 ,$0.00 ,0
ILLINOIS,Tornado,EFFINGHAM,4/27/2016,17:58:00,0,0,0,0,EF0,0.05,ALTAMONT,$0.00 ,$0.00 ,0
ILLINOIS,Tornado,RICHLAND,4/27/2016,18:47:00,0,0,0,0,EF0,0.09,OLNEY,$0.00 ,$0.00 ,0
KANSAS,Tornado,GEARY,4/26/2016,14:47:00,0,0,0,0,EF0,0.01,(FRI)MARSHALL AAF FT,$0.00 ,$0.00 ,0
FLORIDA,Tornado,ESCAMBIA,2/15/2016,15:32:00,3,0,0,0,EF3,12.57,MC DAVID,"$5,000,000.00 ",$0.00 ,3
OKLAHOMA,Tornado,NOWATA,3/30/2016,18:48:00,0,0,0,0,EF1,2.7,COODYS BLUFF,"$75,000.00 ",$0.00 ,1
OKLAHOMA,Tornado,ROGERS,3/30/2016,18:39:00,0,0,0,0,EF1,8.7,CATOOSA,"$750,000.00 ",$0.00 ,1
OKLAHOMA,Tornado,ROGERS,3/30/2016,19:00:00,0,0,0,0,EF2,6.4,CLAREMORE,"$1,000,000.00 ",$0.00 ,2
KANSAS,Tornado,LANE,5/24/2016,16:13:00,0,0,0,0,EF0,1.2,HEALY,$0.00 ,$0.00 ,0
ALABAMA,Tornado,BLOUNT,3/31/2016,20:42:00,0,0,0,0,EF1,0.32,ADVILLE,$0.00 ,$0.00 ,1
ALABAMA,Tornado,LEE,3/31/2016,23:19:00,0,0,0,0,EF0,2.09,MITCHELL XRD,$0.00 ,$0.00 ,0
KANSAS,Tornado,SHAWNEE,4/26/2016,16:42:00,0,0,0,0,EF0,0.01,SILVER LAKE,$0.00 ,$0.00 ,0
ALABAMA,Tornado,ESCAMBIA,2/15/2016,15:50:00,0,0,0,0,EF2,3.88,WAHL,"$750,000.00 ",$0.00 ,2
OKLAHOMA,Tornado,CRAIG,3/30/2016,19:18:00,0,0,0,0,EF0,2.5,CENTRALIA,$0.00 ,$0.00 ,0
MISSOURI,Tornado,NEWTON,4/26/2016,23:21:00,0,0,0,0,EF1,0.82,SENECA,"$50,000.00 ",$0.00 ,1
TEXAS,Tornado,SCURRY,4/16/2016,18:50:00,0,0,0,0,EF0,0.91,HERMLEIGH,$0.00 ,$0.00 ,0
ILLINOIS,Tornado,FULTON,3/15/2016,17:56:00,0,0,0,0,EF1,1.87,AVON,"$15,000.00 ",$0.00 ,1
KANSAS,Tornado,NESS,5/24/2016,17:19:00,0,0,0,0,EF3,8.52,BEELER,$0.00 ,$0.00 ,3
TEXAS,Tornado,MITCHELL,4/16/2016,15:58:00,0,0,0,0,EF0,0.92,LORAINE,$0.00 ,$0.00 ,0
FLORIDA,Tornado,BROWARD,3/19/2016,13:45:00,0,0,0,0,EF0,0.17,PORT EVERGLADES,$0.00 ,$0.00 ,0
KANSAS,Tornado,KEARNY,5/22/2016,19:10:00,0,0,0,0,EF1,1,LAKE MC KINNEY,$0.00 ,$0.00 ,1
ILLINOIS,Tornado,SANGAMON,3/15/2016,18:44:00,0,0,0,0,EF1,3.62,KNAPP,"$280,000.00 ",$0.00 ,1
KANSAS,Tornado,LANE,5/24/2016,16:24:00,0,0,0,0,EF0,0.8,HEALY,$0.00 ,$0.00 ,0
ARKANSAS,Tornado,LAFAYETTE,4/29/2016,23:43:00,0,0,0,0,EF1,0.52,LERCH,$0.00 ,$0.00 ,1
KENTUCKY,Tornado,MUHLENBERG,3/27/2016,18:36:00,0,0,0,0,EF0,4.49,BANCROFT,"$3,000.00 ",$0.00 ,0
ARKANSAS,Tornado,COLUMBIA,4/11/2016,12:26:00,0,0,0,0,EF0,1.18,VILLAGE,"$25,000.00 ",$0.00 ,0
ILLINOIS,Tornado,PEORIA,3/15/2016,19:05:00,0,0,0,0,EF0,3.68,POTTSTOWN,"$260,000.00 ",$0.00 ,0
KANSAS,Tornado,LANE,5/24/2016,16:49:00,0,0,0,0,EF0,0.1,PENDENNIS,$0.00 ,$0.00 ,0
MISSISSIPPI,Tornado,LAMAR,3/31/2016,6:53:00,0,0,0,0,EF1,1.44,PURVIS,"$70,000.00 ",$0.00 ,1
INDIANA,Tornado,NOBLE,3/31/2016,16:49:00,0,0,0,0,EF1,0.51,ALBION,$0.00 ,$0.00 ,1
KANSAS,Tornado,FORD,5/24/2016,16:55:00,1,0,0,0,EF3,14.7,BLOOM,$0.00 ,$0.00 ,3
KANSAS,Tornado,FORD,5/24/2016,16:59:00,0,0,0,0,EF0,0.7,BLOOM,$0.00 ,$0.00 ,0
KANSAS,Tornado,LANE,5/24/2016,16:59:00,0,0,0,0,EF0,0.8,ALAMOTA,$0.00 ,$0.00 ,0
KANSAS,Tornado,LANE,5/24/2016,17:04:00,0,0,0,0,EF0,1.7,ALAMOTA,$0.00 ,$0.00 ,0
MISSOURI,Tornado,GREENE,4/27/2016,0:49:00,0,0,0,0,EF0,0.23,BATTLEFIELD,"$100,000.00 ",$0.00 ,0
ARKANSAS,Tornado,COLUMBIA,4/30/2016,0:09:00,0,0,0,0,EF1,0.37,LAMARTINE,$0.00 ,$0.00 ,1
TEXAS,Tornado,PECOS,4/19/2016,15:53:00,0,0,0,0,EF0,6.54,FT STOCKTON,$0.00 ,$0.00 ,0
ILLINOIS,Tornado,PEORIA,3/15/2016,18:42:00,0,0,0,0,EF2,7.55,TRIVOLI,"$1,000,000.00 ",$0.00 ,2
KANSAS,Tornado,SCOTT,5/22/2016,19:36:00,0,0,0,0,EF0,1.93,SHALLOW WATER,$0.00 ,$0.00 ,0
KANSAS,Tornado,SCOTT,5/22/2016,20:00:00,0,0,0,0,EF1,6.4,SHALLOW WATER,$0.00 ,$0.00 ,1
KANSAS,Tornado,NESS,5/27/2016,17:21:00,0,0,0,0,EF0,0.85,OSGOOD,$0.00 ,$0.00 ,0
MISSISSIPPI,Tornado,SMITH,3/10/2016,16:04:00,0,0,0,0,EF0,1.22,RALEIGH,"$20,000.00 ",$0.00 ,0
ARKANSAS,Tornado,CHICOT,3/30/2016,22:11:00,0,0,0,0,EF1,1.44,HUDSPETH,"$150,000.00 ",$0.00 ,1
INDIANA,Tornado,WHITE,3/31/2016,16:56:00,0,0,0,0,EF0,3.11,SEAFIELD,$0.00 ,$0.00 ,0
TEXAS,Tornado,SMITH,4/29/2016,16:50:00,0,0,0,0,EF2,1,THEDFORD,"$500,000.00 ",$0.00 ,2
MISSISSIPPI,Tornado,BOLIVAR,3/13/2016,21:13:00,0,0,0,0,EF0,0.51,CLEVELAND MUNI ARPT,"$40,000.00 ",$0.00 ,0
ARKANSAS,Tornado,MONTGOMERY,3/13/2016,15:48:00,0,0,0,0,EF1,1.7,JOPLIN,"$200,000.00 ",$0.00 ,1
ARKANSAS,Tornado,SCOTT,3/13/2016,14:56:00,0,0,0,0,EF1,4.81,SENSATION,"$150,000.00 ",$0.00 ,1
ARKANSAS,Tornado,PULASKI,3/13/2016,17:15:00,0,0,0,0,EF0,0.45,WYE,"$5,000.00 ",$0.00 ,0
ARKANSAS,Tornado,PERRY,3/13/2016,17:16:00,0,0,0,0,EF0,1.26,WYE,"$5,000.00 ",$0.00 ,0
INDIANA,Tornado,WABASH,3/31/2016,16:56:00,0,0,0,0,EF1,0.74,HARTMAN,$0.00 ,$0.00 ,1
KANSAS,Tornado,REPUBLIC,4/24/2016,17:50:00,2,0,0,0,EF1,12.25,BELLEVILLE,$0.00 ,$0.00 ,1
MISSOURI,Tornado,DAVIESS,4/27/2016,15:52:00,0,0,0,0,EF0,4.28,WINSTON,$0.00 ,$0.00 ,0
OKLAHOMA,Tornado,OKLAHOMA,4/26/2016,19:49:00,0,0,0,0,EF0,1.53,ARCADIA LAKE,"$4,000.00 ",$0.00 ,0
OKLAHOMA,Tornado,LOGAN,4/26/2016,19:50:00,0,0,0,0,EF0,2.13,MERIDIAN,$0.00 ,$0.00 ,0
KANSAS,Tornado,LANE,5/27/2016,17:16:00,0,0,0,0,EF0,1.34,ALAMOTA,$0.00 ,$0.00 ,0
KANSAS,Tornado,LANE,5/27/2016,16:42:00,0,0,0,0,EF0,1.88,DIGHTON,$0.00 ,$0.00 ,0
INDIANA,Tornado,TIPPECANOE,3/31/2016,15:40:00,0,0,0,0,EF1,0.14,MEADOWBROOK,"$50,000.00 ",$0.00 ,1
ARKANSAS,Tornado,JEFFERSON,3/13/2016,17:32:00,0,0,0,0,EF0,0.56,DOLTON,"$8,000.00 ",$0.00 ,0
ARKANSAS,Tornado,ARKANSAS,3/13/2016,18:00:00,0,0,0,0,EF0,1.29,ONE HORSE STORE,$0.00 ,$0.00 ,0
KANSAS,Tornado,HODGEMAN,5/24/2016,17:12:00,0,0,0,0,EF0,2.5,JETMORE,$0.00 ,$0.00 ,0
TEXAS,Tornado,SAN AUGUSTINE,4/30/2016,3:44:00,0,0,0,0,EF1,3.14,BROADDUS,"$100,000.00 ",$0.00 ,1
ARKANSAS,Tornado,ARKANSAS,3/13/2016,18:32:00,0,0,0,0,EF0,1.22,STINKING BAY,"$8,000.00 ",$0.00 ,0
ARKANSAS,Tornado,DESHA,3/13/2016,20:22:00,0,0,0,0,EF1,2.6,HALLEY,"$5,000.00 ",$0.00 ,1
GEORGIA,Tornado,CLINCH,4/1/2016,16:15:00,0,0,0,0,EF1,7.81,COGDELL,$0.00 ,$0.00 ,1
KANSAS,Tornado,LANE,5/24/2016,16:26:00,0,0,0,0,EF0,0.1,HEALY,$0.00 ,$0.00 ,0
CALIFORNIA,Tornado,STANISLAUS,4/27/2016,15:31:00,0,0,0,0,EF0,0.1,WATERFORD,$500.00 ,$0.00 ,0
ALABAMA,Tornado,CONECUH,2/15/2016,16:33:00,0,0,0,0,EF2,2.19,BROOKLYN,"$750,000.00 ",$0.00 ,2
TEXAS,Tornado,KENT,4/16/2016,15:55:00,0,0,0,0,EF0,0.11,CLAIREMONT,$0.00 ,$0.00 ,0
TEXAS,Tornado,HALL,4/28/2016,16:40:00,0,0,0,0,EF0,0.06,TURKEY,$0.00 ,$0.00 ,0
ARKANSAS,Tornado,CHICOT,3/30/2016,22:15:00,1,0,0,0,EF1,3.61,DERMOTT,"$110,000.00 ",$0.00 ,1
ARKANSAS,Tornado,PHILLIPS,3/13/2016,19:16:00,0,0,0,0,EF0,3.79,EDGEWOOD,"$35,000.00 ",$0.00 ,0
ILLINOIS,Tornado,VERMILION,9/9/2016,17:13:00,0,0,0,0,EF0,0.1,CATLIN,$0.00 ,"$10,000.00 ",0
OKLAHOMA,Tornado,ADAIR,3/23/2016,20:51:00,0,0,0,0,EF1,1.8,STILWELL,$0.00 ,$0.00 ,1
ARKANSAS,Tornado,CRAWFORD,3/23/2016,20:54:00,2,0,0,0,EF2,3.5,DAVIDSON,"$75,000.00 ",$0.00 ,2
ARKANSAS,Tornado,WASHINGTON,3/23/2016,20:59:00,2,0,0,0,EF2,5.8,ODELL,"$300,000.00 ",$0.00 ,2
MISSISSIPPI,Tornado,LOWNDES,3/31/2016,17:18:00,0,0,0,0,EF1,5.7,COLUMBUS/LOWNDES CO,"$225,000.00 ",$0.00 ,1
TEXAS,Tornado,DICKENS,4/16/2016,17:05:00,0,0,0,0,EF0,0.01,AFTON,$0.00 ,$0.00 ,0
INDIANA,Tornado,LA PORTE,3/24/2016,12:30:00,0,0,0,0,EF0,0.94,KINGSFORD HGTS,$0.00 ,$0.00 ,0
INDIANA,Tornado,LA PORTE,3/24/2016,12:35:00,0,0,0,0,EF0,0.51,KINGSFORD HGTS,$0.00 ,$0.00 ,0
ALABAMA,Tornado,FAYETTE,3/31/2016,18:27:00,0,0,0,0,EF1,3.7,BAZEMORE,$0.00 ,$0.00 ,1
KANSAS,Tornado,SUMNER,4/26/2016,14:58:00,0,0,0,0,EF0,1.06,MAYFIELD,$0.00 ,$0.00 ,0
NEBRASKA,Tornado,DOUGLAS,4/27/2016,14:43:00,0,0,0,0,EF1,0.66,BOYS TOWN,$0.00 ,$0.00 ,1
TEXAS,Tornado,DICKENS,4/16/2016,16:50:00,0,0,0,0,EF0,0.75,DICKENS,$0.00 ,$0.00 ,0
VIRGINIA,Tornado,APPOMATTOX,2/24/2016,15:28:00,7,0,1,0,EF3,16.89,SPRING MILLS,"$11,200,000.00 ",$0.00 ,3
ALABAMA,Tornado,ESCAMBIA,3/3/2016,18:36:00,0,0,0,0,EF1,0.14,BRADLEY,"$15,000.00 ",$0.00 ,1
VIRGINIA,Tornado,PATRICK,2/24/2016,12:45:00,0,0,0,0,EF1,1.4,ARARAT,"$205,000.00 ","$140,000.00 ",1
ALABAMA,Tornado,FAYETTE,3/31/2016,19:05:00,0,0,0,0,EF0,1.88,ALTA,$0.00 ,$0.00 ,0
ARKANSAS,Tornado,COLUMBIA,4/29/2016,23:41:00,0,0,0,0,EF1,1.16,CORNELIUS,$0.00 ,$0.00 ,1
TEXAS,Tornado,TYLER,4/27/2016,4:58:00,0,0,0,0,EF1,0.69,WOODVILLE,"$10,000.00 ",$0.00 ,1
NEBRASKA,Tornado,DOUGLAS,4/27/2016,14:52:00,0,0,0,0,EF0,0.02,BOYS TOWN,$0.00 ,$0.00 ,0
NEBRASKA,Tornado,DOUGLAS,4/27/2016,14:53:00,0,0,0,0,EF0,0.18,BENNINGTON,$0.00 ,$0.00 ,0
NEBRASKA,Tornado,SAUNDERS,4/27/2016,13:10:00,0,0,0,0,EF0,0.18,CEDAR BLUFFS,$0.00 ,$0.00 ,0
INDIANA,Tornado,PIKE,5/7/2016,19:20:00,0,0,0,0,EF1,4.33,ALGIERS,"$50,000.00 ",$0.00 ,1
KENTUCKY,Tornado,GRAVES,5/10/2016,13:44:00,10,0,0,0,EF3,15.35,DUBLIN,"$3,500,000.00 ",$0.00 ,3
COLORADO,Tornado,KIOWA,4/15/2016,13:08:00,0,0,0,0,EFU,3.85,EADS,$0.00 ,$0.00 ,-1
COLORADO,Tornado,KIOWA,4/15/2016,13:26:00,0,0,0,0,EFU,0.5,EADS,$0.00 ,$0.00 ,-1
COLORADO,Tornado,KIOWA,4/15/2016,14:05:00,0,0,0,0,EFU,1.2,EADS,$0.00 ,$0.00 ,-1
COLORADO,Tornado,BENT,4/15/2016,17:10:00,0,0,0,0,EFU,0.59,MC CLAVE,$0.00 ,$0.00 ,-1
OKLAHOMA,Tornado,PONTOTOC,4/26/2016,20:50:00,0,0,0,0,EF1,2,BYNG,"$20,000.00 ",$0.00 ,1
GEORGIA,Tornado,CRAWFORD,4/1/2016,6:05:00,0,0,0,0,EF0,0.08,POPE PLACE,"$5,000.00 ",$0.00 ,0
KANSAS,Tornado,SMITH,4/26/2016,18:47:00,0,0,0,0,EF0,0.3,KENSINGTON,$0.00 ,$0.00 ,0
MISSOURI,Tornado,WARREN,4/26/2016,11:52:00,0,0,0,0,EF1,5.46,BERNHEIMER,$0.00 ,$0.00 ,1
MISSOURI,Tornado,AUDRAIN,4/19/2016,17:18:00,0,0,0,0,EF0,2.01,BASSINGER CORNER,$0.00 ,$0.00 ,0
MINNESOTA,Tornado,LAKE OF THE WOODS,6/19/2016,7:00:00,0,0,0,0,EF1,2.95,FAUNCE,$0.00 ,$0.00 ,1
NEBRASKA,Tornado,WASHINGTON,9/15/2016,16:00:00,0,0,0,0,EF0,0.06,FT CALHOUN,$0.00 ,$0.00 ,0
KENTUCKY,Tornado,MARSHALL,5/10/2016,14:16:00,0,0,0,0,EF1,3.68,HARVY,"$50,000.00 ",$0.00 ,1
GEORGIA,Tornado,HOUSTON,4/1/2016,6:42:00,0,0,0,0,EF1,4.86,CENTERVILLE,"$250,000.00 ",$0.00 ,1
GEORGIA,Tornado,TWIGGS,4/1/2016,7:50:00,0,0,0,0,EF1,2.04,DANVILLE,"$100,000.00 ",$0.00 ,1
GEORGIA,Tornado,TWIGGS,4/1/2016,7:06:00,0,0,0,0,EF0,0.61,BULLARD,"$10,000.00 ",$0.00 ,0
IOWA,Tornado,DAVIS,5/9/2016,14:06:00,0,0,0,0,EF0,0.33,DRAKESVILLE,$0.00 ,$0.00 ,0
NEW YORK,Tornado,LEWIS,8/16/2016,17:34:00,0,0,0,0,EF0,0.22,CONSTABLEVILLE,"$8,000.00 ",$0.00 ,0
KENTUCKY,Tornado,CHRISTIAN,5/10/2016,16:25:00,0,0,0,0,EF1,1.69,APEX,"$10,000.00 ",$0.00 ,1
GEORGIA,Tornado,WILKINSON,4/1/2016,7:54:00,0,0,0,0,EF0,0.26,COOKTOWN,"$20,000.00 ",$0.00 ,0
GEORGIA,Tornado,TAYLOR,4/1/2016,6:03:00,0,0,0,0,EF0,1.27,REYNOLDS,"$10,000.00 ",$0.00 ,0
IOWA,Tornado,SIOUX,5/23/2016,15:41:00,0,0,0,0,EF0,0.05,GRANVILLE,$0.00 ,$0.00 ,0
KANSAS,Tornado,WICHITA,5/21/2016,18:21:00,0,0,0,0,EF0,0.13,ST THERESA,$0.00 ,$0.00 ,0
ILLINOIS,Tornado,FRANKLIN,5/11/2016,17:34:00,0,0,0,0,EF0,0.05,CLEBURNE,$0.00 ,$0.00 ,0
IOWA,Tornado,GUTHRIE,5/9/2016,19:18:00,0,0,0,0,EF0,1.5,WICHITA,$0.00 ,$0.00 ,0
OKLAHOMA,Tornado,CREEK,5/24/2016,16:28:00,0,0,0,0,EF1,8,SHAMROCK,"$750,000.00 ",$0.00 ,1
KANSAS,Tornado,MORTON,4/15/2016,19:30:00,0,0,0,0,EF1,1.8,(1K5)ELKHART,"$80,000.00 ",$0.00 ,1
OKLAHOMA,Tornado,OSAGE,4/26/2016,20:44:00,0,0,0,0,EF1,3.8,GRAY HORSE,$0.00 ,$0.00 ,1
ALABAMA,Tornado,FAYETTE,3/31/2016,18:03:00,0,0,0,0,EF1,3.72,BLUFF,$0.00 ,$0.00 ,1
TEXAS,Tornado,BOWIE,5/9/2016,20:06:00,0,0,0,0,EF1,0.15,BEAVERDAMS,$0.00 ,$0.00 ,1
KANSAS,Tornado,WICHITA,5/21/2016,18:05:00,0,0,0,0,EF0,0.17,ST THERESA,$0.00 ,$0.00 ,0
KANSAS,Tornado,WICHITA,5/21/2016,19:15:00,0,0,0,0,EF0,0.11,ST THERESA,$0.00 ,$0.00 ,0
KANSAS,Tornado,WICHITA,5/21/2016,18:13:00,0,0,0,0,EF0,0.43,ST THERESA,$0.00 ,$0.00 ,0
OKLAHOMA,Tornado,OKMULGEE,5/25/2016,0:29:00,0,0,0,0,EF1,1.8,BALD HILL,"$5,000.00 ",$0.00 ,1
SOUTH DAKOTA,Tornado,LINCOLN,5/28/2016,13:24:00,0,0,0,0,EF0,0.09,LENNOX SKIE ARPT,$0.00 ,$0.00 ,0
TEXAS,Tornado,BOWIE,5/9/2016,19:59:00,0,0,0,0,EF1,2.04,SPRING HILL,"$10,000.00 ",$0.00 ,1
COLORADO,Tornado,KIOWA,5/27/2016,13:43:00,0,0,0,0,EFU,0.09,TOWNER,$0.00 ,$0.00 ,-1
INDIANA,Tornado,WARRICK,5/11/2016,16:58:00,0,0,0,0,EF0,0.05,LYNNVILLE,$0.00 ,$0.00 ,0
CALIFORNIA,Tornado,SAN BENITO,1/6/2016,8:50:00,0,0,0,0,EF0,0.61,DUNNEVILLE CORNERS,$0.00 ,"$75,000.00 ",0
TEXAS,Tornado,HASKELL,4/26/2016,16:47:00,0,0,0,0,EF0,1.47,STAMFORD,$0.00 ,$0.00 ,0
OKLAHOMA,Tornado,OSAGE,4/26/2016,20:52:00,0,0,0,0,EF1,6.9,HOMINY ARPT,"$15,000.00 ",$0.00 ,1
LOUISIANA,Tornado,PLAQUEMINES,5/19/2016,22:00:00,0,0,0,0,EF0,0.05,CEDAR GROVE,$0.00 ,$0.00 ,0
IOWA,Tornado,PLYMOUTH,5/28/2016,16:52:00,0,0,0,0,EF0,0.09,KINGSLEY,$0.00 ,$0.00 ,0
KANSAS,Tornado,FORD,5/24/2016,17:20:00,0,0,0,0,EF0,0.2,DODGE CITY,$0.00 ,$0.00 ,0
KANSAS,Tornado,FORD,5/24/2016,17:28:00,0,0,0,0,EF0,2.7,DODGE CITY,$0.00 ,$0.00 ,0
KANSAS,Tornado,FORD,5/24/2016,17:32:00,0,0,0,0,EF1,2.9,DODGE CITY,$0.00 ,$0.00 ,1
TEXAS,Tornado,HALL,5/22/2016,17:44:00,0,0,0,0,EF2,6.59,LAKEVIEW,"$150,000.00 ",$0.00 ,2
TEXAS,Tornado,FISHER,4/16/2016,17:24:00,0,0,0,0,EF0,1.23,BUSBY,$0.00 ,$0.00 ,0
ARKANSAS,Tornado,BENTON,4/26/2016,23:29:00,0,0,0,0,EF1,9.1,DECATUR ARPT,"$50,000.00 ",$0.00 ,1
ARKANSAS,Tornado,BENTON,4/26/2016,23:41:00,0,0,0,0,EF1,2,CENTERTON,"$30,000.00 ",$0.00 ,1
OKLAHOMA,Tornado,PAWNEE,4/26/2016,21:00:00,0,0,0,0,EF1,5.4,APPALACHIA,"$50,000.00 ",$0.00 ,1
OKLAHOMA,Tornado,OSAGE,4/26/2016,21:06:00,0,0,0,0,EF1,1.6,PRUE,"$100,000.00 ",$0.00 ,1
MISSOURI,Tornado,KNOX,4/27/2016,18:47:00,0,0,0,0,EF0,0.03,GREENSBURG,$0.00 ,$0.00 ,0
KANSAS,Tornado,FORD,5/24/2016,17:14:00,0,0,0,0,EF1,1.4,DODGE CITY,$0.00 ,$0.00 ,1
KANSAS,Tornado,NESS,5/24/2016,17:43:00,0,0,0,0,EF1,2.9,LAIRD,$0.00 ,$0.00 ,1
KANSAS,Tornado,HODGEMAN,5/24/2016,18:12:00,0,0,0,0,EF0,1.1,JETMORE MUNI ARPT,$0.00 ,$0.00 ,0
KANSAS,Tornado,FORD,5/24/2016,17:55:00,0,0,0,0,EF0,0.1,DODGE CITY,$0.00 ,$0.00 ,0
KANSAS,Tornado,NESS,5/24/2016,17:56:00,0,0,0,0,EF0,6.2,NESS CITY,$0.00 ,$0.00 ,0
OKLAHOMA,Tornado,PONTOTOC,5/9/2016,16:13:00,0,0,0,0,EF2,1.5,ROFF,$0.00 ,$0.00 ,2
COLORADO,Tornado,KIOWA,5/27/2016,13:55:00,0,0,0,0,EFU,1,TOWNER,$0.00 ,$0.00 ,-1
COLORADO,Tornado,KIOWA,5/27/2016,14:04:00,0,0,0,0,EFU,0.2,TOWNER,$0.00 ,$0.00 ,-1
ILLINOIS,Tornado,HARDIN,5/10/2016,16:56:00,0,0,0,0,EF0,0.05,LOVES STORE,$0.00 ,$0.00 ,0
OKLAHOMA,Tornado,COMANCHE,4/29/2016,14:29:00,0,0,0,0,EF1,4,ELGIN,"$10,000.00 ",$0.00 ,1
ALABAMA,Tornado,MONTGOMERY,4/6/2016,21:55:00,0,0,0,0,EF0,6.01,PINEDALE,$0.00 ,$0.00 ,0
ARKANSAS,Tornado,CRAWFORD,4/26/2016,23:53:00,0,0,0,0,EF1,2.4,CRUTCHER,"$50,000.00 ",$0.00 ,1
ARKANSAS,Tornado,FRANKLIN,4/27/2016,0:06:00,0,0,0,0,EF1,3.2,CHARLESTON,"$10,000.00 ",$0.00 ,1
ARKANSAS,Tornado,MADISON,4/27/2016,0:12:00,0,0,0,0,EF1,6.2,WESLEY,"$250,000.00 ",$0.00 ,1
OKLAHOMA,Tornado,CREEK,4/26/2016,21:00:00,0,0,0,0,EF1,5.6,KELLYVILLE,"$20,000.00 ",$0.00 ,1
OKLAHOMA,Tornado,TULSA,4/26/2016,21:18:00,0,0,0,0,EF1,3.8,BOZARTH,"$150,000.00 ",$0.00 ,1
INDIANA,Tornado,MONTGOMERY,5/1/2016,19:38:00,0,0,0,0,EF0,0.01,LINDEN,$0.00 ,$0.00 ,0
KANSAS,Tornado,FORD,5/24/2016,18:07:00,0,0,0,0,EF3,1.9,(DDC)DODGE CITY ARPT,$0.00 ,$0.00 ,3
KANSAS,Tornado,NESS,5/24/2016,18:17:00,0,0,0,0,EF0,1.32,NESS CITY,$0.00 ,$0.00 ,0
KANSAS,Tornado,EDWARDS,5/24/2016,18:25:00,0,0,0,0,EF1,4.3,HODGES,$0.00 ,$0.00 ,1
KANSAS,Tornado,HODGEMAN,5/24/2016,18:36:00,0,0,0,0,EF0,3.5,JETMORE MUNI ARPT,$0.00 ,$0.00 ,0
KANSAS,Tornado,EDWARDS,5/24/2016,18:49:00,0,0,0,0,EF2,5.4,HODGES,$0.00 ,$0.00 ,2
TEXAS,Tornado,HOWARD,5/22/2016,17:13:00,0,0,0,0,EF3,4.01,BIG SPRING,"$75,000.00 ",$0.00 ,3
TEXAS,Tornado,HOWARD,5/22/2016,17:51:00,0,0,0,0,EF0,1.52,MORITA,$0.00 ,$0.00 ,0
OKLAHOMA,Tornado,GRADY,4/29/2016,15:03:00,0,0,0,0,EF1,12,AGAWAM,"$35,000.00 ",$0.00 ,1
OKLAHOMA,Tornado,CADDO,4/29/2016,14:54:00,0,0,0,0,EF0,0.5,CYRIL,"$2,000.00 ",$0.00 ,0
ALABAMA,Tornado,BULLOCK,4/6/2016,22:18:00,0,0,0,0,EF0,3.03,MITCHELL,$0.00 ,$0.00 ,0
ALABAMA,Tornado,MONTGOMERY,4/6/2016,22:24:00,0,0,0,0,EF0,0.77,DOWNING,$0.00 ,$0.00 ,0
ALABAMA,Tornado,LEE,4/6/2016,22:32:00,0,0,0,0,EF0,0.72,BEEHIVE,$0.00 ,$0.00 ,0
ARKANSAS,Tornado,FRANKLIN,4/27/2016,0:18:00,0,0,0,0,EF0,5.9,TONEY,"$100,000.00 ",$0.00 ,0
OKLAHOMA,Tornado,TULSA,4/26/2016,21:26:00,0,0,0,0,EF1,2.7,BIXBY,"$100,000.00 ",$0.00 ,1
OKLAHOMA,Tornado,TULSA,4/26/2016,21:36:00,0,0,0,0,EF1,0.8,LEONARD,"$10,000.00 ",$0.00 ,1
ALABAMA,Tornado,MORGAN,3/31/2016,20:54:00,0,0,0,0,EF2,9.32,HARTSELLE,$0.00 ,$0.00 ,2
TEXAS,Tornado,HOWARD,5/22/2016,18:17:00,0,0,0,0,EF0,2.29,SOUTH HAVEN,$0.00 ,$0.00 ,0
TEXAS,Tornado,GLASSCOCK,5/22/2016,18:38:00,0,0,0,0,EF0,0.49,LEES,$0.00 ,$0.00 ,0
TEXAS,Tornado,GLASSCOCK,5/22/2016,18:55:00,0,0,0,0,EF2,3.05,LEES,"$15,000.00 ",$0.00 ,2
ALABAMA,Tornado,LEE,4/6/2016,22:44:00,0,0,0,0,EF0,4.71,MITCHELL XRD,$0.00 ,$0.00 ,0
ALABAMA,Tornado,BULLOCK,4/6/2016,22:54:00,0,0,0,0,EF2,7.74,THREE NOTCH,$0.00 ,$0.00 ,2
ALABAMA,Tornado,LIMESTONE,3/31/2016,21:12:00,0,0,0,0,EF0,0.23,NEW HOPE,$0.00 ,$0.00 ,0
OKLAHOMA,Tornado,WAGONER,4/26/2016,21:38:00,0,0,0,0,EF0,0.2,ONETA,$0.00 ,$0.00 ,0
OKLAHOMA,Tornado,MCINTOSH,4/26/2016,22:11:00,0,0,0,0,EF1,7.5,CHECOTAH,"$100,000.00 ",$0.00 ,1
INDIANA,Tornado,GREENE,4/26/2016,18:20:00,0,0,0,0,EF0,0.08,BLOOMFORD SHAWNEE AR,"$15,000.00 ",$0.00 ,0
GEORGIA,Tornado,STEWART,4/7/2016,0:55:00,0,0,0,0,EF0,0.16,SUNLIGHT,"$20,000.00 ",$0.00 ,0
ALABAMA,Tornado,JEFFERSON,3/1/2016,17:43:00,4,0,0,0,EF2,5.59,MC CALLA,$0.00 ,$0.00 ,2
ALABAMA,Tornado,TALLADEGA,3/1/2016,18:42:00,0,0,0,0,EF0,2.99,GANTT JCT,$0.00 ,$0.00 ,0
ARKANSAS,Tornado,SALINE,5/9/2016,21:34:00,0,0,0,0,EF1,2.7,TATUMVILLE,"$500,000.00 ",$0.00 ,1
TEXAS,Tornado,GLASSCOCK,5/22/2016,19:56:00,0,0,0,0,EF2,1.9,GARDEN CITY,"$107,000.00 ",$0.00 ,2
MINNESOTA,Tornado,RED LAKE,5/27/2016,13:14:00,0,0,0,0,EF0,0.05,OKLEE,$0.00 ,$0.00 ,0
ILLINOIS,Tornado,POPE,5/10/2016,16:36:00,0,0,0,0,EF0,0.05,BRISTOL,$0.00 ,$0.00 ,0
GEORGIA,Tornado,RANDOLPH,4/7/2016,1:40:00,0,0,0,0,EF0,0.9,COLEMAN,$0.00 ,$0.00 ,0
ALABAMA,Tornado,RUSSELL,4/6/2016,22:57:00,0,0,0,0,EF1,7.49,HUGLEY,$0.00 ,$0.00 ,1
ALABAMA,Tornado,BARBOUR,4/6/2016,23:16:00,0,0,0,0,EF0,5.37,GARMON XRDS,$0.00 ,$0.00 ,0
TEXAS,Tornado,JASPER,4/30/2016,5:08:00,3,0,0,0,EF2,9.69,LE VERTE,"$50,000.00 ",$0.00 ,2
TEXAS,Tornado,NEWTON,4/30/2016,5:29:00,0,0,0,0,EF0,0.17,CALL,$0.00 ,$0.00 ,0
OKLAHOMA,Tornado,CRAIG,4/26/2016,22:16:00,0,0,0,0,EF0,10.1,WHITE OAK,"$20,000.00 ",$0.00 ,0
OKLAHOMA,Tornado,MUSKOGEE,4/26/2016,22:34:00,0,0,0,0,EF1,5.1,BRAGGS,"$50,000.00 ",$0.00 ,1
GEORGIA,Tornado,WEBSTER,4/7/2016,1:27:00,0,0,0,0,EF0,5.09,WESTON,"$30,000.00 ",$0.00 ,0
TEXAS,Tornado,GLASSCOCK,5/22/2016,20:02:00,0,0,0,0,EF0,1.4,GARDEN CITY,$0.00 ,$0.00 ,0
KENTUCKY,Tornado,UNION,5/10/2016,17:06:00,0,0,0,0,EF1,3.66,SPRING GROVE,"$25,000.00 ",$0.00 ,1
NORTH DAKOTA,Tornado,STUTSMAN,5/22/2016,20:10:00,0,0,0,0,EF0,1.05,YPSILANTI,$0.00 ,$0.00 ,0
INDIANA,Tornado,GIBSON,5/11/2016,16:02:00,0,0,0,0,EF1,1.48,JOHNSON,"$5,000.00 ",$0.00 ,1
KENTUCKY,Tornado,MUHLENBERG,5/10/2016,16:28:00,0,0,0,0,EF1,3.59,BANCROFT,"$125,000.00 ",$0.00 ,1
IOWA,Tornado,TAYLOR,4/27/2016,15:40:00,0,0,0,0,EF0,2.23,PLATTEVILLE,$0.00 ,$0.00 ,0
IOWA,Tornado,TAYLOR,4/27/2016,15:44:00,0,0,0,0,EF0,0.91,PLATTEVILLE,$0.00 ,$0.00 ,0
INDIANA,Tornado,BOONE,4/28/2016,15:26:00,0,0,0,0,EF1,0.17,WHITESTOWN,"$35,000.00 ",$0.00 ,1
ALABAMA,Tornado,RUSSELL,4/6/2016,23:22:00,0,0,0,0,EF0,1.32,GLENVILLE,$0.00 ,$0.00 ,0
MISSISSIPPI,Tornado,GREENE,2/23/2016,17:45:00,0,0,0,0,EF1,0.54,KITTRELL,"$100,000.00 ",$0.00 ,1
MISSISSIPPI,Tornado,GREENE,2/23/2016,17:25:00,0,0,0,0,EF1,1.51,AVERA,"$100,000.00 ",$0.00 ,1
OKLAHOMA,Tornado,MAYES,4/26/2016,22:35:00,0,0,0,0,EF0,4.7,STRANG,"$20,000.00 ",$0.00 ,0
OKLAHOMA,Tornado,CHEROKEE,4/26/2016,22:46:00,0,0,0,0,EF1,7.2,QUALLS,"$150,000.00 ",$0.00 ,1
NEBRASKA,Tornado,NUCKOLLS,4/24/2016,17:03:00,0,0,0,0,EF1,2.43,BOSTWICK,"$4,000.00 ",$0.00 ,1
KANSAS,Tornado,SCOTT,5/24/2016,14:56:00,0,0,0,0,EF0,1,MODOC,$0.00 ,$0.00 ,0
KANSAS,Tornado,SCOTT,5/24/2016,15:04:00,0,0,0,0,EF0,4.17,MODOC,$0.00 ,$0.00 ,0
KANSAS,Tornado,SCOTT,5/24/2016,15:55:00,0,0,0,0,EF0,0.1,MANNING,$0.00 ,$0.00 ,0
KANSAS,Tornado,SCOTT,5/24/2016,15:55:00,0,0,0,0,EF0,0.7,MANNING,$0.00 ,$0.00 ,0
KANSAS,Tornado,HODGEMAN,5/24/2016,18:55:00,0,0,0,0,EF0,0.5,JETMORE,$0.00 ,$0.00 ,0
KANSAS,Tornado,EDWARDS,5/24/2016,19:00:00,0,0,0,0,EF3,8.3,CENTERVIEW,$0.00 ,$0.00 ,3
KANSAS,Tornado,PRATT,5/24/2016,19:25:00,0,0,0,0,EF0,2.3,SAWYER,$0.00 ,$0.00 ,0
KANSAS,Tornado,RUSH,5/24/2016,19:38:00,0,0,0,0,EF0,0.2,SHAFFER,$0.00 ,$0.00 ,0
KANSAS,Tornado,NESS,5/24/2016,18:22:00,0,0,0,0,EF2,2.9,LAIRD,$0.00 ,$0.00 ,2
TEXAS,Tornado,TARRANT,3/8/2016,8:03:00,0,0,0,0,EF0,1.89,BENBROOK LAKE,"$330,000.00 ",$0.00 ,0
KENTUCKY,Tornado,TRIGG,5/10/2016,18:17:00,0,0,0,0,EF0,1.57,BUFFALO,"$20,000.00 ",$0.00 ,0
KENTUCKY,Tornado,CHRISTIAN,5/10/2016,18:45:00,0,0,0,0,EF0,0.02,PLEASANT GREEN HILL,$0.00 ,$0.00 ,0
IOWA,Tornado,TAYLOR,4/27/2016,16:12:00,0,0,0,0,EF0,0.62,CLEARFIELD,"$25,000.00 ",$0.00 ,0
MISSISSIPPI,Tornado,GREENE,2/23/2016,17:32:00,0,0,0,0,EF1,0.03,AVERA,"$25,000.00 ",$0.00 ,1
FLORIDA,Tornado,ESCAMBIA,2/23/2016,20:10:00,3,0,0,0,EF3,2.99,FERRY PASS,"$22,000,000.00 ",$0.00 ,3
OKLAHOMA,Tornado,DELAWARE,4/26/2016,22:58:00,0,0,0,0,EF1,10.1,TWIN OAKS,"$100,000.00 ",$0.00 ,1
OKLAHOMA,Tornado,PUSHMATAHA,4/26/2016,23:03:00,0,0,0,0,EF1,1.5,NOLIA,"$125,000.00 ",$0.00 ,1
NEBRASKA,Tornado,RED WILLOW,5/8/2016,17:25:00,0,0,0,0,EF0,0.35,INDIANOLA,$0.00 ,$0.00 ,0
KANSAS,Tornado,FORD,5/24/2016,18:15:00,0,0,0,0,EF1,0.6,(DDC)DODGE CITY ARPT,$0.00 ,$0.00 ,1
KANSAS,Tornado,HODGEMAN,5/24/2016,18:17:00,0,0,0,0,EF0,2.1,JETMORE MUNI ARPT,$0.00 ,$0.00 ,0
TEXAS,Tornado,HOOD,3/8/2016,7:21:00,0,0,0,0,EF0,0.37,TOLAR,"$50,000.00 ",$0.00 ,0
KENTUCKY,Tornado,CHRISTIAN,5/10/2016,18:29:00,0,0,0,0,EF0,0.02,SINKING FORK,$0.00 ,$0.00 ,0
KENTUCKY,Tornado,LYON,5/10/2016,14:55:00,0,0,0,0,EF0,0.05,MONT,$0.00 ,$0.00 ,0
IOWA,Tornado,GUTHRIE,5/9/2016,18:46:00,0,0,0,0,EF0,5.52,NORTH BRANCH,"$5,000.00 ",$0.00 ,0
IOWA,Tornado,UNION,4/27/2016,16:40:00,0,0,0,0,EF0,4.01,CRESTON ARPT,"$3,000.00 ",$0.00 ,0
OKLAHOMA,Tornado,OTTAWA,4/26/2016,23:07:00,0,0,0,0,EF1,1.6,PEORIA,"$150,000.00 ",$0.00 ,1
OKLAHOMA,Tornado,SEQUOYAH,4/26/2016,23:23:00,0,0,0,0,EF1,4.3,FOREMAN,"$25,000.00 ",$0.00 ,1
ALABAMA,Tornado,LEE,3/1/2016,20:27:00,0,0,0,0,EF0,3.08,ROANOKE JCT,$0.00 ,$0.00 ,0
MICHIGAN,Tornado,MARQUETTE,5/24/2016,13:21:00,0,0,0,0,EF1,3.78,MICHIGAMME,"$10,000.00 ",$0.00 ,1
MICHIGAN,Tornado,MARQUETTE,5/24/2016,13:54:00,0,0,0,0,EF1,3.87,CLARKSBURG,"$50,000.00 ",$0.00 ,1
GEORGIA,Tornado,CHATHAM,5/17/2016,15:09:00,0,0,0,0,EF1,0.76,BLOOMINGDALE,$0.00 ,$0.00 ,1
TEXAS,Tornado,LAMPASAS,3/8/2016,8:17:00,0,0,0,0,EF0,0.21,LAMPASAS ARPT,"$60,000.00 ",$0.00 ,0
WASHINGTON,Tornado,BENTON,5/21/2016,22:50:00,0,0,0,0,EF0,0.15,KENNEWICK VISTA ARPT,"$20,000.00 ",$0.00 ,0
INDIANA,Tornado,VANDERBURGH,4/26/2016,16:38:00,0,0,0,0,EF1,7.47,KASSON,"$250,000.00 ",$0.00 ,1
KANSAS,Tornado,SALINE,4/24/2016,16:19:00,0,0,0,0,EF0,2.93,GLENDALE,$0.00 ,$0.00 ,0
COLORADO,Tornado,WELD,4/25/2016,14:02:00,0,0,0,0,EF0,0.01,LUCERNE,$0.00 ,$0.00 ,0
ALABAMA,Tornado,PICKENS,3/31/2016,17:32:00,0,0,0,0,EF1,2.08,STAFFORD,$0.00 ,$0.00 ,1
MINNESOTA,Tornado,CLAY,5/27/2016,13:57:00,0,0,0,0,EF0,0.05,MOORHEAD ARPT,$0.00 ,$0.00 ,0
MINNESOTA,Tornado,CLAY,5/27/2016,14:01:00,0,0,0,0,EF0,0.05,GLYNDON,$0.00 ,$0.00 ,0
NEBRASKA,Tornado,LANCASTER,5/9/2016,15:25:00,0,0,0,0,EF1,0.53,CHENEYS,$0.00 ,$0.00 ,1
NEBRASKA,Tornado,LANCASTER,5/9/2016,15:53:00,0,0,0,0,EF1,0.19,CHENEYS,$0.00 ,$0.00 ,1
TEXAS,Tornado,DENTON,3/8/2016,8:53:00,0,0,0,0,EF1,0.15,CARNEY,"$90,000.00 ",$0.00 ,1
FLORIDA,Tornado,ALACHUA,5/20/2016,11:25:00,0,0,0,0,EF0,0.66,GAINESVILLE WEST,$0.00 ,$0.00 ,0
KANSAS,Tornado,ELLSWORTH,4/24/2016,15:12:00,0,0,0,0,EF0,3.5,HOLYROOD,$0.00 ,$0.00 ,0
OKLAHOMA,Tornado,CANADIAN,4/26/2016,19:08:00,0,0,0,0,EF0,3.4,MUSTANG,"$7,000.00 ",$0.00 ,0
OKLAHOMA,Tornado,OKLAHOMA,4/26/2016,19:11:00,0,0,0,0,EF0,0.7,WHEATLAND,"$5,000.00 ",$0.00 ,0
OKLAHOMA,Tornado,OKLAHOMA,4/26/2016,19:43:00,0,0,0,0,EF1,10,JONES,"$10,000.00 ",$0.00 ,1
MISSISSIPPI,Tornado,MONROE,4/29/2016,14:26:00,0,0,0,0,EF0,5.19,NEW WREN,"$10,000.00 ",$0.00 ,0
MISSISSIPPI,Tornado,MONROE,4/29/2016,14:41:00,0,0,0,0,EF0,0.93,ACKER,"$10,000.00 ",$0.00 ,0
ALABAMA,Tornado,PICKENS,3/31/2016,17:43:00,0,0,0,0,EF1,2.88,ETHELSVILLE,$0.00 ,$0.00 ,1
NEBRASKA,Tornado,CASS,5/9/2016,16:49:00,0,0,0,0,EF2,3.27,NEHAWKA,$0.00 ,$0.00 ,2
MISSOURI,Tornado,SHELBY,4/27/2016,19:23:00,0,0,0,0,EF0,0.85,EMDEN,$0.00 ,$0.00 ,0
MISSOURI,Tornado,LEWIS,4/27/2016,20:00:00,0,0,0,0,EF1,2.01,MAYWOOD,$0.00 ,$0.00 ,1
TEXAS,Tornado,COLLIN,4/29/2016,15:53:00,0,0,0,0,EF0,1.34,WESTON,"$30,000.00 ",$0.00 ,0
TEXAS,Tornado,VAN ZANDT,4/29/2016,17:28:00,0,0,0,0,EF0,2.59,PRIMROSE,$0.00 ,$0.00 ,0
INDIANA,Tornado,WAYNE,6/4/2016,17:25:00,0,0,0,0,EF0,1.4,WEBSTER,"$40,000.00 ",$0.00 ,0
TEXAS,Tornado,TERRY,6/1/2016,10:20:00,0,0,0,0,EFU,0.04,MEADOW,$0.00 ,$0.00 ,-1
MISSOURI,Tornado,BOONE,7/7/2016,5:45:00,0,0,0,0,EF0,0.34,HARRISBURG,$0.00 ,$0.00 ,0
COLORADO,Tornado,LAS ANIMAS,6/13/2016,12:41:00,0,0,0,0,EFU,2.84,(TAD)TRINIDAD ARPT,$0.00 ,$0.00 ,-1
COLORADO,Tornado,MORGAN,6/13/2016,16:24:00,0,0,0,0,EF0,0.1,ADENA,$0.00 ,$0.00 ,0
TEXAS,Tornado,BOSQUE,4/29/2016,16:33:00,0,0,0,0,EF0,0.3,IREDELL,$0.00 ,$0.00 ,0
OHIO,Tornado,FRANKLIN,6/4/2016,17:06:00,0,0,0,0,EF0,0.3,COLUMBUS,"$100,000.00 ",$0.00 ,0
OREGON,Tornado,WHEELER,6/8/2016,19:22:00,0,0,0,0,EF0,0.21,WATERMAN,$0.00 ,$0.00 ,0
OHIO,Tornado,FAYETTE,6/23/2016,2:20:00,0,0,0,0,EF1,3.8,MILLEDGEVILLE,"$110,000.00 ","$10,000.00 ",1
OHIO,Tornado,WARREN,6/23/2016,2:03:00,0,0,0,0,EF1,20.7,EDGETOWN,"$360,000.00 ","$10,000.00 ",1
COLORADO,Tornado,PHILLIPS,6/27/2016,16:30:00,0,0,0,0,EF0,0.01,PAOLI,$0.00 ,$0.00 ,0
COLORADO,Tornado,SEDGWICK,6/27/2016,15:40:00,0,0,0,0,EF0,0.01,JULESBURG,$0.00 ,$0.00 ,0
PENNSYLVANIA,Tornado,WARREN,6/5/2016,16:00:00,0,0,0,0,EF1,0.79,NORTH WARREN,"$100,000.00 ",$0.00 ,1
PENNSYLVANIA,Tornado,FULTON,6/16/2016,14:35:00,0,0,0,0,EF0,0.11,NORTHCRAFT,"$1,000.00 ",$0.00 ,0
OKLAHOMA,Tornado,CIMARRON,5/16/2016,15:57:00,0,0,0,0,EF0,0.31,FELT,$0.00 ,$0.00 ,0
KANSAS,Tornado,CLAY,5/9/2016,17:40:00,0,0,0,0,EF0,0.02,FACT,$0.00 ,$0.00 ,0
MONTANA,Tornado,FALLON,6/11/2016,17:54:00,7,0,0,0,EF3,3,BAKER ARPT,"$1,500,000.00 ",$0.00 ,3
SOUTH DAKOTA,Tornado,PENNINGTON,6/13/2016,15:22:00,0,0,0,0,EF2,7.42,HAYWARD,"$100,000.00 ",$0.00 ,2
NORTH DAKOTA,Tornado,GRAND FORKS,8/27/2016,15:12:00,0,0,0,0,EF0,0.5,ARVILLA,$0.00 ,$0.00 ,0
WISCONSIN,Tornado,CALUMET,6/15/2016,17:47:00,0,0,0,0,EFU,0.69,HARRISON,$0.00 ,$0.00 ,-1
NORTH DAKOTA,Tornado,RAMSEY,8/3/2016,19:40:00,0,0,0,0,EF0,1.38,SWEETWATER,$0.00 ,$0.00 ,0
NORTH DAKOTA,Tornado,EDDY,8/3/2016,20:10:00,0,0,0,0,EF2,3.25,BRANTFORD,$0.00 ,$0.00 ,2
NORTH DAKOTA,Tornado,GRAND FORKS,8/27/2016,15:18:00,0,0,0,0,EF1,4,ARVILLA,$0.00 ,$0.00 ,1
WISCONSIN,Tornado,WAUPACA,6/26/2016,1:30:00,0,0,0,0,EF1,2.7,SYMCO,"$200,000.00 ",$0.00 ,1
NORTH DAKOTA,Tornado,RAMSEY,8/3/2016,19:41:00,0,0,0,0,EF0,0.8,SWEETWATER,$0.00 ,$0.00 ,0
PENNSYLVANIA,Tornado,FAYETTE,6/16/2016,15:42:00,0,0,0,0,EF0,0.4,GRAHAM CROSSING,"$15,000.00 ",$0.00 ,0
ILLINOIS,Tornado,ST. CLAIR,6/13/2016,16:30:00,0,0,0,0,EF0,0.41,ROACHTOWN,$0.00 ,$0.00 ,0
WISCONSIN,Tornado,MARATHON,6/30/2016,18:16:00,0,0,0,0,EF0,0.01,PONIATOWSKI,"$5,000.00 ",$0.00 ,0
WISCONSIN,Tornado,SHAWANO,6/4/2016,18:00:00,0,0,0,0,EF0,0.01,SHAWANO LAKE,$0.00 ,$0.00 ,0
COLORADO,Tornado,FREMONT,6/23/2016,12:27:00,0,0,0,0,EFU,0.18,FREMONT COUNTY ARPT,$0.00 ,$0.00 ,-1
WISCONSIN,Tornado,OUTAGAMIE,6/10/2016,19:00:00,0,0,0,0,EF0,1.42,MACKVILLE,$0.00 ,$0.00 ,0
TEXAS,Tornado,DONLEY,5/22/2016,16:30:00,0,0,0,0,EF0,0.36,HOWARDWICK,$0.00 ,$0.00 ,0
WEST VIRGINIA,Tornado,MONONGALIA,6/16/2016,15:49:00,0,0,0,0,EF0,0.16,CASSVILLE,"$7,000.00 ",$0.00 ,0
WEST VIRGINIA,Tornado,NICHOLAS,6/21/2016,14:00:00,0,0,0,0,EF1,2.76,RICHWOOD,$0.00 ,$0.00 ,1
MINNESOTA,Tornado,POLK,8/28/2016,19:02:00,0,0,0,0,EF0,0.75,GREENVIEW,$0.00 ,$0.00 ,0
MINNESOTA,Tornado,NORMAN,8/28/2016,20:04:00,0,0,0,0,EF2,9.57,FLAMING,$0.00 ,$0.00 ,2
COLORADO,Tornado,KIT CARSON,6/27/2016,13:51:00,0,0,0,0,EF0,0.01,FLAGLER ARPT,$0.00 ,$0.00 ,0
NORTH CAROLINA,Tornado,CARTERET,6/25/2016,12:45:00,1,0,0,0,EF0,0.46,OCEAN,"$50,000.00 ",$0.00 ,0
GEORGIA,Tornado,COOK,6/26/2016,12:45:00,0,0,0,0,EF0,0.01,FLAT FORD,"$5,000.00 ",$0.00 ,0
TEXAS,Tornado,GRAYSON,4/26/2016,21:11:00,0,0,0,0,EF0,6.01,IDA,"$80,000.00 ",$0.00 ,0
TEXAS,Tornado,GRAYSON,4/26/2016,20:22:00,0,0,0,0,EF0,0.23,WHITESBORO,"$200,000.00 ",$0.00 ,0
COLORADO,Tornado,KIT CARSON,6/30/2016,17:58:00,0,0,0,0,EF0,1.09,STRATTON,$0.00 ,$0.00 ,0
IOWA,Tornado,POTTAWATTAMIE,6/29/2016,17:06:00,0,0,0,0,EF0,4.18,NEOLA,$0.00 ,$0.00 ,0
IOWA,Tornado,HARRISON,6/29/2016,16:51:00,0,0,0,0,EF0,3.28,BEEBEETOWN,$0.00 ,$0.00 ,0
TEXAS,Tornado,GRAYSON,4/26/2016,21:00:00,5,0,0,0,EF0,2.42,HOWE,"$450,000.00 ",$0.00 ,0
IDAHO,Tornado,JEROME,6/30/2016,18:12:00,0,0,0,0,EF0,1.46,JEROME CO  ARPT,$0.00 ,$0.00 ,0
MINNESOTA,Tornado,RICE,6/14/2016,15:10:00,0,0,0,0,EF0,0.96,MORRISTOWN,$0.00 ,$0.00 ,0
NORTH DAKOTA,Tornado,TRAILL,8/27/2016,17:02:00,0,0,0,0,EF3,3,TAFT,$0.00 ,$0.00 ,3
TEXAS,Tornado,DONLEY,5/22/2016,16:39:00,0,0,0,0,EF1,1.05,HOWARDWICK,$0.00 ,$0.00 ,1
MINNESOTA,Tornado,STEARNS,6/3/2016,16:08:00,0,0,0,0,EF0,2.31,SPRING HILL,"$500,000.00 ",$0.00 ,0
MINNESOTA,Tornado,BLUE EARTH,6/14/2016,14:34:00,0,0,0,0,EF0,0.22,VERNON CENTER,$0.00 ,$0.00 ,0
MINNESOTA,Tornado,RICE,6/14/2016,15:28:00,0,0,0,0,EF0,0.34,SHIELDSVILLE,$0.00 ,$0.00 ,0
FLORIDA,Tornado,DUVAL,6/6/2016,14:25:00,0,0,0,0,EF1,3.89,JAX HERLONG ARPT,$0.00 ,$0.00 ,1
MINNESOTA,Tornado,PIPESTONE,6/3/2016,16:35:00,0,0,0,0,EF0,0.05,CAZENOVIA,$0.00 ,$0.00 ,0
MINNESOTA,Tornado,BLUE EARTH,6/14/2016,15:33:00,0,0,0,0,EF0,2.13,EAGLE LAKE,$0.00 ,$0.00 ,0
LOUISIANA,Tornado,ST. MARY,6/13/2016,17:35:00,0,0,0,0,EF0,0.01,WYANDOTTE,$0.00 ,$0.00 ,0
MINNESOTA,Tornado,LE SUEUR,6/14/2016,15:05:00,0,0,0,0,EF0,1.22,WATERVILLE,$0.00 ,$0.00 ,0
MISSOURI,Tornado,GRUNDY,5/30/2016,17:29:00,0,0,0,0,EF0,0.01,BRIMSON,$0.00 ,$0.00 ,0
FLORIDA,Tornado,ST. LUCIE,5/17/2016,14:15:00,0,0,0,0,EF0,0.58,FT PIERCE ST LUCIE A,$0.00 ,$0.00 ,0
OKLAHOMA,Tornado,TEXAS,4/15/2016,19:02:00,0,0,0,0,EF0,0.91,EVA,$0.00 ,$0.00 ,0
MARYLAND,Tornado,HOWARD,6/21/2016,12:29:00,0,0,0,0,EF0,12.64,FLORENCE,$0.00 ,$0.00 ,0
MINNESOTA,Tornado,ITASCA,6/19/2016,17:50:00,0,0,0,0,EF1,6.53,SWAN RIVER,$0.00 ,$0.00 ,1
TEXAS,Tornado,KLEBERG,5/31/2016,17:53:00,0,0,0,0,EF0,0.4,RICARDO,$0.00 ,$0.00 ,0
OKLAHOMA,Tornado,TEXAS,4/15/2016,19:16:00,0,0,0,0,EF0,1,EVA,$0.00 ,$0.00 ,0
OKLAHOMA,Tornado,TEXAS,4/15/2016,18:50:00,0,0,0,0,EF0,1.07,EVA,$0.00 ,$0.00 ,0
MINNESOTA,Tornado,ST. LOUIS,6/19/2016,18:06:00,0,0,0,0,EF1,7.23,CASCO,$0.00 ,$0.00 ,1
INDIANA,Tornado,DELAWARE,6/4/2016,16:20:00,0,0,0,0,EF0,0.02,DALEVILLE,"$1,000.00 ",$0.00 ,0
TEXAS,Tornado,PARKER,3/7/2016,18:08:00,0,0,0,0,EF1,2.15,(MWL)MINERAL WELLS A,"$100,000.00 ",$0.00 ,1
OKLAHOMA,Tornado,CIMARRON,5/16/2016,15:39:00,0,0,0,0,EF0,0.52,FELT,$0.00 ,$0.00 ,0
TEXAS,Tornado,DALLAM,5/16/2016,16:40:00,0,0,0,0,EF1,0.87,PERICO,$0.00 ,$0.00 ,1
TEXAS,Tornado,DALLAM,5/16/2016,17:06:00,0,0,0,0,EF0,0.2,WARE,$0.00 ,$0.00 ,0
OKLAHOMA,Tornado,JOHNSTON,5/9/2016,16:18:00,0,0,1,0,EF3,8.6,CONNERVILLE,"$250,000.00 ",$0.00 ,3
OKLAHOMA,Tornado,NOBLE,5/9/2016,16:58:00,0,0,0,0,EF2,2.3,LAKE MCCURTRY DAM,"$200,000.00 ",$0.00 ,2
OKLAHOMA,Tornado,TEXAS,4/15/2016,18:56:00,0,0,0,0,EF1,1.07,EVA,$0.00 ,$0.00 ,1
TEXAS,Tornado,LIVE OAK,5/31/2016,16:33:00,0,0,0,0,EF0,2.66,SIMMONS,$0.00 ,$0.00 ,0
ILLINOIS,Tornado,LA SALLE,6/22/2016,19:48:00,0,0,0,0,EF1,6.7,PRAIRIE CENTER,$0.00 ,$0.00 ,1
ILLINOIS,Tornado,LA SALLE,6/22/2016,19:53:00,0,0,0,0,EF2,6.44,(MMO)MARSEILLES,$0.00 ,$0.00 ,2
OKLAHOMA,Tornado,COAL,5/9/2016,17:07:00,0,0,0,0,EF1,3.65,LEHIGH,"$30,000.00 ",$0.00 ,1
OKLAHOMA,Tornado,PAYNE,5/9/2016,17:06:00,0,0,0,0,EF2,2.5,(SWO)STILLWATER AIRPORT,"$50,000.00 ",$0.00 ,2
OKLAHOMA,Tornado,TEXAS,4/15/2016,19:19:00,0,0,0,0,EF0,0.78,EVA,$0.00 ,$0.00 ,0
MINNESOTA,Tornado,MEEKER,7/11/2016,16:25:00,0,0,0,0,EF2,3.1,LITCHFIELD,$0.00 ,$0.00 ,2
MINNESOTA,Tornado,STEARNS,7/11/2016,16:58:00,0,0,0,0,EF1,4,ST NICHOLAS,$0.00 ,$0.00 ,1
OKLAHOMA,Tornado,ATOKA,5/9/2016,17:17:00,0,0,0,0,EF1,1,ATOKA,$0.00 ,$0.00 ,1
SOUTH DAKOTA,Tornado,CAMPBELL,5/22/2016,17:30:00,0,0,0,0,EF0,0.28,ARTAS,$0.00 ,$0.00 ,0
ILLINOIS,Tornado,LA SALLE,6/22/2016,19:22:00,0,0,0,0,EF1,1.7,BAKER,$0.00 ,$0.00 ,1
OKLAHOMA,Tornado,CLEVELAND,5/9/2016,16:16:00,0,0,0,0,EFU,0.1,LAKE THUNDERBIRD DAM,$0.00 ,$0.00 ,-1
OKLAHOMA,Tornado,STEPHENS,5/8/2016,18:03:00,0,0,0,0,EFU,1.3,MARLOW,$0.00 ,$0.00 ,-1
OKLAHOMA,Tornado,ATOKA,5/9/2016,16:47:00,0,0,0,0,EFU,0.3,BOGGY DEPOT STATE PARK,$0.00 ,$0.00 ,-1
OKLAHOMA,Tornado,GRADY,5/31/2016,16:28:00,0,0,0,0,EFU,0.7,POCASSET,$0.00 ,$0.00 ,-1
OKLAHOMA,Tornado,GRADY,5/31/2016,16:28:00,0,0,0,0,EFU,0.7,POCASSET,$0.00 ,$0.00 ,-1
OKLAHOMA,Tornado,GRADY,5/31/2016,16:28:00,0,0,0,0,EFU,0.5,POCASSET,$0.00 ,$0.00 ,-1
TEXAS,Tornado,TARRANT,3/23/2016,20:08:00,0,0,0,0,EF0,0.63,HICKS,"$90,000.00 ",$0.00 ,0
WEST VIRGINIA,Tornado,GREENBRIER,6/21/2016,14:05:00,0,0,0,0,EF0,2.63,CLEARCO,"$50,000.00 ",$0.00 ,0
FLORIDA,Tornado,INDIAN RIVER,5/17/2016,13:48:00,0,0,0,0,EF1,0.13,OSLO,"$395,000.00 ",$0.00 ,1
NEBRASKA,Tornado,CHERRY,6/28/2016,18:32:00,0,0,0,0,EF0,1,IRWIN,$0.00 ,$0.00 ,0
MISSOURI,Tornado,CRAWFORD,5/11/2016,19:15:00,0,0,0,0,EF2,4.43,BOURBON,$0.00 ,$0.00 ,2
TEXAS,Tornado,HEMPHILL,5/16/2016,19:52:00,0,0,0,0,EF0,0.1,CANADIAN HEMPHILL AR,$0.00 ,$0.00 ,0
TEXAS,Tornado,HEMPHILL,5/16/2016,20:06:00,0,0,0,0,EF0,9.42,CANADIAN,$0.00 ,$0.00 ,0
ILLINOIS,Tornado,LIVINGSTON,6/22/2016,21:06:00,4,0,0,0,EF2,11.1,GRAYMONT,$0.00 ,$0.00 ,2
SOUTH CAROLINA,Tornado,HORRY,10/8/2016,5:46:00,0,0,0,0,EF0,1.53,OCEAN DRIVE BEACH,$0.00 ,$0.00 ,0
OKLAHOMA,Tornado,WOODWARD,5/23/2016,19:25:00,0,0,0,0,EF0,2.7,WOODWARD,"$10,000.00 ",$0.00 ,0
NEBRASKA,Tornado,CHERRY,6/28/2016,18:52:00,0,0,0,0,EF2,1,IRWIN,"$50,000.00 ",$0.00 ,2
TEXAS,Tornado,OCHILTREE,5/22/2016,17:44:00,0,0,0,0,EF0,2.5,FARNSWORTH,$0.00 ,$0.00 ,0
TEXAS,Tornado,OCHILTREE,5/22/2016,17:57:00,0,0,0,0,EF1,1.5,FARNSWORTH,$0.00 ,$0.00 ,1
TEXAS,Tornado,HEMPHILL,5/16/2016,20:35:00,0,0,0,0,EF0,0.15,GLAZIER,$0.00 ,$0.00 ,0
ILLINOIS,Tornado,LEE,6/22/2016,18:31:00,0,0,0,0,EF0,0.1,WEST BROOKLYN,$0.00 ,$0.00 ,0
OKLAHOMA,Tornado,GARFIELD,5/25/2016,20:53:00,0,0,0,0,EF2,5,CARRIER,"$20,000.00 ",$0.00 ,2
MONTANA,Tornado,FALLON,7/10/2016,14:10:00,0,0,0,0,EF0,0.5,BAKER ARPT,$0.00 ,$0.00 ,0
OKLAHOMA,Tornado,HARPER,5/23/2016,20:24:00,0,0,0,0,EFU,2,SELMAN,$0.00 ,$0.00 ,-1
ILLINOIS,Tornado,GRUNDY,6/22/2016,20:29:00,0,0,0,0,EF0,0.7,GORMAN,$0.00 ,$0.00 ,0
ILLINOIS,Tornado,IROQUOIS,6/22/2016,22:37:00,0,0,0,0,EF1,3.1,CISSNA PARK,$0.00 ,$0.00 ,1
OKLAHOMA,Tornado,JOHNSTON,5/9/2016,16:18:00,0,0,0,0,EFU,1.5,MILL CREEK,$0.00 ,$0.00 ,-1
MISSISSIPPI,Tornado,JEFFERSON DAVIS,7/10/2016,17:17:00,0,0,0,0,EF1,0.77,LUCAS,"$110,000.00 ",$0.00 ,1
MISSISSIPPI,Tornado,JONES,7/22/2016,13:04:00,0,0,0,0,EF0,0.86,LANHAM,"$45,000.00 ",$0.00 ,0
WISCONSIN,Tornado,PIERCE,7/5/2016,19:35:00,0,0,0,0,EF0,0.33,PLUM CITY,$0.00 ,$0.00 ,0
NORTH CAROLINA,Tornado,NEW HANOVER,5/5/2016,13:28:00,1,0,0,0,EF1,1.8,BAYMEADE,"$500,000.00 ",$0.00 ,1
SOUTH DAKOTA,Tornado,EDMUNDS,5/28/2016,10:02:00,0,0,0,0,EF0,0.06,BOWDLE,$0.00 ,$0.00 ,0
ILLINOIS,Tornado,GRUNDY,6/22/2016,20:10:00,0,0,0,0,EF1,1.61,LANGHAM,$0.00 ,$0.00 ,1
ILLINOIS,Tornado,IROQUOIS,6/22/2016,21:12:00,0,0,0,0,EF1,1.7,CLIFTON,$0.00 ,$0.00 ,1
ILLINOIS,Tornado,LIVINGSTON,6/22/2016,21:49:00,0,0,0,0,EF0,0.1,CHATSWORTH,$0.00 ,$0.00 ,0
OKLAHOMA,Tornado,NOBLE,5/9/2016,17:15:00,0,0,0,0,EF2,1.55,SUMNER,"$10,000.00 ",$0.00 ,2
NEBRASKA,Tornado,CHEYENNE,5/30/2016,13:20:00,0,0,0,0,EF0,1.34,LORENZO,$0.00 ,$0.00 ,0
WASHINGTON,Tornado,DOUGLAS,7/22/2016,11:31:00,0,0,0,0,EF0,0.2,MOLD,$0.00 ,$0.00 ,0
WISCONSIN,Tornado,PEPIN,7/5/2016,19:48:00,0,0,0,0,EF1,3.31,PORCUPINE,"$500,000.00 ",$0.00 ,1
ILLINOIS,Tornado,LEE,6/22/2016,18:19:00,0,0,0,0,EF1,4.1,WEST BROOKLYN,$0.00 ,$0.00 ,1
TEXAS,Tornado,OCHILTREE,5/22/2016,18:04:00,0,0,0,0,EF1,1.5,FARNSWORTH,$0.00 ,$0.00 ,1
TEXAS,Tornado,OCHILTREE,5/22/2016,18:15:00,0,0,0,0,EF1,2.4,FARNSWORTH,$0.00 ,$0.00 ,1
OKLAHOMA,Tornado,ROGER MILLS,5/16/2016,20:36:00,0,0,0,0,EF1,0.4,DURHAM,$0.00 ,$0.00 ,1
WISCONSIN,Tornado,FOND DU LAC,5/27/2016,16:35:00,0,0,0,0,EF1,4.5,BRANDON,"$100,000.00 ",$0.00 ,1
SOUTH DAKOTA,Tornado,DAY,6/14/2016,13:42:00,0,0,0,0,EF0,1.69,HOLMQUIST,$0.00 ,$0.00 ,0
ILLINOIS,Tornado,LA SALLE,6/22/2016,18:59:00,0,0,0,0,EF1,4.3,EARLVILLE,$0.00 ,$0.00 ,1
ILLINOIS,Tornado,LA SALLE,6/22/2016,18:59:00,0,0,0,0,EF0,0.3,EARLVILLE,$0.00 ,$0.00 ,0
TEXAS,Tornado,HUTCHINSON,5/24/2016,17:44:00,0,0,0,0,EFU,0.36,PRINGLE,$0.00 ,$0.00 ,-1
IOWA,Tornado,MONROE,7/19/2016,13:34:00,0,0,0,0,EF0,2.34,MELROSE,"$4,000.00 ","$1,000.00 ",0
NORTH DAKOTA,Tornado,TOWNER,8/3/2016,16:45:00,0,0,0,0,EF2,12,AGATE,$0.00 ,$0.00 ,2
MINNESOTA,Tornado,MEEKER,7/11/2016,16:52:00,1,0,0,0,EF2,2.09,WATKINS,$0.00 ,$0.00 ,2
IOWA,Tornado,KOSSUTH,7/27/2016,16:15:00,0,0,0,0,EF0,0.36,HOBARTON,$0.00 ,"$1,000.00 ",0
IOWA,Tornado,WINNEBAGO,7/27/2016,17:11:00,0,0,0,0,EF0,0.34,VINJE,$0.00 ,"$1,000.00 ",0
SOUTH DAKOTA,Tornado,DAY,6/14/2016,14:14:00,0,0,0,0,EF0,2.02,WAUBAY,$0.00 ,$0.00 ,0
SOUTH DAKOTA,Tornado,ROBERTS,6/14/2016,15:14:00,0,0,0,0,EF0,5.43,CORONA,$0.00 ,$0.00 ,0
MINNESOTA,Tornado,BIG STONE,6/14/2016,16:10:00,0,0,0,0,EF0,0.07,BARRY,$0.00 ,$0.00 ,0
MINNESOTA,Tornado,BIG STONE,6/14/2016,16:26:00,0,0,0,0,EF0,0.84,BARRY,$0.00 ,$0.00 ,0
ILLINOIS,Tornado,STARK,6/14/2016,18:15:00,0,0,0,0,EF0,0.07,BRADFORD,$0.00 ,$0.00 ,0
NEBRASKA,Tornado,ADAMS,6/1/2016,15:28:00,0,0,0,0,EF0,0.02,JUNIATA,"$2,000.00 ",$0.00 ,0
MINNESOTA,Tornado,STEARNS,7/11/2016,16:56:00,0,0,0,0,EF0,0.13,ST NICHOLAS,"$50,000.00 ",$0.00 ,0
IOWA,Tornado,HUMBOLDT,7/27/2016,17:39:00,0,0,0,0,EF0,0.68,OTTOSEN,$0.00 ,"$2,000.00 ",0
NEW JERSEY,Tornado,HUNTERDON,7/25/2016,16:12:00,0,0,0,0,EF1,3.49,READINGTON ARPT,$0.00 ,$0.00 ,1
TEXAS,Tornado,KLEBERG,5/31/2016,17:30:00,0,0,0,0,EF1,0.9,KINGSVILLE,"$2,500,000.00 ",$0.00 ,1
OKLAHOMA,Tornado,GARVIN,5/9/2016,15:06:00,0,0,1,0,EF4,8.9,HENNEPIN,"$1,000,000.00 ",$0.00 ,4
NORTH DAKOTA,Tornado,HETTINGER,6/21/2016,19:10:00,0,0,0,0,EF1,3.2,MOTT MUNI ARPT,"$200,000.00 ","$30,000.00 ",1
NORTH DAKOTA,Tornado,MCKENZIE,6/21/2016,19:46:00,0,0,0,0,EF0,0.4,ARNEGARD,$0.00 ,$0.00 ,0
TEXAS,Tornado,OLDHAM,4/15/2016,20:50:00,0,0,0,0,EF0,0.8,ADRIAN,$0.00 ,$0.00 ,0
TEXAS,Tornado,OCHILTREE,5/22/2016,18:49:00,0,0,0,0,EFU,0.25,FARNSWORTH,$0.00 ,$0.00 ,-1
IOWA,Tornado,KOSSUTH,7/30/2016,9:29:00,0,0,0,0,EF0,0.47,GALBRAITH,$0.00 ,"$1,000.00 ",0
WISCONSIN,Tornado,BARRON,7/27/2016,14:55:00,0,0,0,0,EF0,0.2,CHETEK,"$50,000.00 ",$0.00 ,0
TEXAS,Tornado,KLEBERG,5/31/2016,17:41:00,0,0,0,0,EF1,2.25,(NQI)NAS KINGSVILLE,"$1,000,000.00 ",$0.00 ,1
OKLAHOMA,Tornado,MURRAY,5/9/2016,15:34:00,0,0,0,0,EF3,15.1,JOY,"$4,000,000.00 ",$0.00 ,3
OKLAHOMA,Tornado,ATOKA,5/9/2016,16:46:00,0,0,0,0,EF1,8.3,BOGGY DEPOT STATE PARK,"$10,000.00 ",$0.00 ,1
MINNESOTA,Tornado,CASS,6/19/2016,17:30:00,0,0,0,0,EF0,2,ESTERDAY,$0.00 ,$0.00 ,0
TEXAS,Tornado,OCHILTREE,5/22/2016,19:45:00,0,0,0,0,EF0,0.1,PERRYTON MUNI ARPT,$0.00 ,$0.00 ,0
TEXAS,Tornado,HEMPHILL,5/26/2016,19:10:00,0,0,0,0,EFU,0.11,GLAZIER,$0.00 ,$0.00 ,-1
MONTANA,Tornado,FALLON,7/6/2016,14:40:00,0,0,0,0,EF0,0.25,WEBSTER,$0.00 ,$0.00 ,0
ILLINOIS,Tornado,LA SALLE,6/22/2016,19:02:00,0,0,0,0,EF1,1.4,EARLVILLE,$0.00 ,$0.00 ,1
ILLINOIS,Tornado,LA SALLE,6/22/2016,19:32:00,0,0,0,0,EF1,0.5,PRAIRIE CENTER,$0.00 ,$0.00 ,1
ILLINOIS,Tornado,LA SALLE,6/22/2016,19:11:00,0,0,0,0,EF1,0.5,TROY GROVE,$0.00 ,$0.00 ,1
SOUTH DAKOTA,Tornado,EDMUNDS,5/28/2016,10:10:00,0,0,0,0,EF0,0.09,BOWDLE,$0.00 ,$0.00 ,0
FLORIDA,Tornado,ST. LUCIE,5/17/2016,13:51:00,0,0,0,0,EF1,0.45,VIKING,$0.00 ,$0.00 ,1
MINNESOTA,Tornado,CROW WING,6/19/2016,18:11:00,0,0,0,0,EF2,3.52,CROSBY BEACH,$0.00 ,$0.00 ,2
MINNESOTA,Tornado,AITKIN,6/19/2016,17:49:00,0,0,0,0,EF1,1.59,JACOBSON,$0.00 ,$0.00 ,1
IOWA,Tornado,FLOYD,9/21/2016,17:32:00,0,0,0,0,EF0,1.65,POWERSVILLE,"$3,000.00 ","$3,000.00 ",0
PENNSYLVANIA,Tornado,WARREN,9/17/2016,17:35:00,0,0,0,0,EF1,1.6,SCANDIA,"$20,000.00 ",$0.00 ,1
MINNESOTA,Tornado,BELTRAMI,9/9/2016,17:20:00,0,0,0,0,EF0,0.35,REDBY,$0.00 ,$0.00 ,0
NEBRASKA,Tornado,FRONTIER,5/8/2016,18:29:00,0,0,0,0,EF0,0.01,STOCKVILLE,$0.00 ,$0.00 ,0
KANSAS,Tornado,OSBORNE,5/8/2016,18:27:00,0,0,0,0,EF1,2.82,NATOMA,"$15,000.00 ",$0.00 ,1
KANSAS,Tornado,OSBORNE,5/8/2016,18:21:00,0,0,0,0,EF2,0.38,NATOMA,"$2,000.00 ",$0.00 ,2
COLORADO,Tornado,YUMA,5/7/2016,15:06:00,0,0,0,0,EF0,4.04,SCHRAMM,$0.00 ,$0.00 ,0
COLORADO,Tornado,YUMA,5/7/2016,15:57:00,0,0,0,0,EF0,1.29,ECKLEY,$0.00 ,$0.00 ,0
IOWA,Tornado,HOWARD,9/6/2016,16:50:00,0,0,0,0,EF0,0.02,BONAIR,$200.00 ,$0.00 ,0
COLORADO,Tornado,YUMA,5/24/2016,18:36:00,0,0,0,0,EF0,1.21,YUMA,$0.00 ,$0.00 ,0
OKLAHOMA,Tornado,CHOCTAW,5/9/2016,18:02:00,0,0,0,0,EF1,6.1,GOODLAND,"$250,000.00 ",$0.00 ,1
MONTANA,Tornado,YELLOWSTONE,5/21/2016,14:50:00,0,0,0,0,EF1,2,POMPEYS PILLAR,$0.00 ,$0.00 ,1
TEXAS,Tornado,COLEMAN,5/26/2016,19:01:00,0,0,0,0,EF1,5.44,ECHO,$0.00 ,$0.00 ,1
COLORADO,Tornado,KIT CARSON,5/26/2016,16:23:00,0,0,0,0,EF0,4.1,SEIBERT,$0.00 ,$0.00 ,0
GEORGIA,Tornado,CHATHAM,9/2/2016,4:12:00,0,0,0,0,EF1,1.38,WILSHIRE,$0.00 ,$0.00 ,1
COLORADO,Tornado,YUMA,5/7/2016,16:37:00,0,0,0,0,EF0,0.63,WRAY,$0.00 ,$0.00 ,0
KANSAS,Tornado,TREGO,5/8/2016,17:00:00,0,0,0,0,EF0,1.9,TREGO CENTER,$0.00 ,$0.00 ,0
OKLAHOMA,Tornado,CHOCTAW,5/9/2016,18:25:00,0,0,0,0,EFU,0.5,VIRGIL,$0.00 ,$0.00 ,-1
TEXAS,Tornado,MOTLEY,5/23/2016,20:30:00,0,0,0,0,EFU,0.8,NORTHFIELD,$0.00 ,$0.00 ,-1
COLORADO,Tornado,CHEYENNE,9/17/2016,14:43:00,0,0,0,0,EF0,0.85,CHEYENNE WELLS,"$46,000.00 ",$0.00 ,0
NORTH CAROLINA,Tornado,CARTERET,9/2/2016,20:23:00,0,0,0,0,EF1,0.35,MARSHALLBERG,"$75,000.00 ",$0.00 ,1
GEORGIA,Tornado,LIBERTY,9/2/2016,2:50:00,0,0,0,0,EF1,4.84,RETREAT,$0.00 ,$0.00 ,1
NEBRASKA,Tornado,HOLT,5/10/2016,14:25:00,0,0,0,0,EF0,0.2,ATKINSON,"$40,000.00 ",$0.00 ,0
OKLAHOMA,Tornado,CHOCTAW,5/9/2016,17:27:00,2,0,0,0,EF3,10.4,BOSWELL AMMONS ARPT,"$3,000,000.00 ",$0.00 ,3
TEXAS,Tornado,HALL,5/23/2016,20:34:00,0,0,0,0,EF3,9.19,TURKEY,"$150,000.00 ",$0.00 ,3
NORTH CAROLINA,Tornado,CARTERET,9/2/2016,20:20:00,0,0,0,0,EF1,0.15,STRAITS,"$150,000.00 ",$0.00 ,1
MINNESOTA,Tornado,MORRISON,9/7/2016,21:28:00,0,0,0,0,EF1,7.28,DARLING,"$1,000,000.00 ",$0.00 ,1
UTAH,Tornado,WEBER,9/22/2016,14:45:00,5,0,0,0,EF1,2.85,ROY,"$2,000,000.00 ",$0.00 ,1
UTAH,Tornado,GARFIELD,9/22/2016,17:54:00,0,0,0,0,EF1,0.75,PANGUITCH,"$300,000.00 ",$0.00 ,1
KANSAS,Tornado,OTTAWA,5/25/2016,17:08:00,0,0,0,0,EF0,0.47,TESCOTT,$0.00 ,$0.00 ,0
TEXAS,Tornado,ECTOR,9/17/2016,18:13:00,0,0,0,0,EF1,5.87,NOTREES,"$30,000.00 ",$0.00 ,1
MISSISSIPPI,Tornado,NOXUBEE,11/29/2016,17:52:00,0,0,0,0,EF1,3.22,GHOLSON,"$30,000.00 ",$0.00 ,1
MISSISSIPPI,Tornado,CLAY,11/29/2016,18:12:00,0,0,0,0,EF1,2.92,ABBOTT,"$20,000.00 ",$0.00 ,1
KANSAS,Tornado,ELLIS,5/8/2016,18:00:00,0,0,0,0,EF0,0.9,ELLIS,$0.00 ,$0.00 ,0
KANSAS,Tornado,ELLIS,5/8/2016,18:08:00,0,0,0,0,EF2,6.5,TURKVILLE,$0.00 ,$0.00 ,2
MINNESOTA,Tornado,POPE,5/25/2016,14:10:00,0,0,0,0,EF0,0.16,VILLARD,"$10,000.00 ",$0.00 ,0
MINNESOTA,Tornado,STEARNS,5/25/2016,17:09:00,0,0,0,0,EF0,3.3,ST ANTHONY,"$15,000.00 ",$0.00 ,0
IOWA,Tornado,SCOTT,7/17/2016,5:27:00,0,0,0,0,EF0,1.95,PARKVIEW,$0.00 ,$0.00 ,0
IOWA,Tornado,SCOTT,7/17/2016,5:36:00,0,0,0,0,EF1,2.09,PRINCETON,$0.00 ,$0.00 ,1
IOWA,Tornado,BENTON,7/17/2016,3:58:00,5,0,0,0,EF2,1.59,VINTON,$0.00 ,$0.00 ,2
IOWA,Tornado,LINN,7/17/2016,4:19:00,4,0,0,0,EF2,0.53,FAIRFAX,"$250,000.00 ",$0.00 ,2
FLORIDA,Tornado,ORANGE,9/1/2016,19:38:00,0,0,0,0,EF0,1.51,KILLARNEY,"$21,000.00 ",$0.00 ,0
FLORIDA,Tornado,LAKE,9/1/2016,19:40:00,0,0,0,0,EF0,4.35,FRUITLAND PARK,"$22,000.00 ",$0.00 ,0
TEXAS,Tornado,ECTOR,9/16/2016,17:53:00,0,0,0,0,EF0,0.35,ODESSA ECTOR CO ARPT,$0.00 ,$0.00 ,0
FLORIDA,Tornado,BREVARD,9/13/2016,12:51:00,0,0,0,0,EF0,3.47,MICCO,"$40,000.00 ",$0.00 ,0
NORTH CAROLINA,Tornado,DARE,9/3/2016,0:02:00,3,0,0,0,EF0,0.07,(HAT)CAPE HATTERAS,"$250,000.00 ",$0.00 ,0
COLORADO,Tornado,CHEYENNE,9/17/2016,14:43:00,0,0,0,0,EF0,1.92,CHEYENNE WELLS,$0.00 ,$0.00 ,0
MISSISSIPPI,Tornado,LOWNDES,11/29/2016,20:12:00,0,0,0,0,EF1,3.48,TRINITY,"$50,000.00 ",$0.00 ,1
NEBRASKA,Tornado,CHASE,5/24/2016,20:06:00,0,0,0,0,EF0,0.1,ENDERS RES,"$50,000.00 ",$0.00 ,0
MINNESOTA,Tornado,ROSEAU,6/19/2016,17:22:00,0,0,0,0,EF0,0.25,ROSEAU ARPT,$0.00 ,$0.00 ,0
NEW MEXICO,Tornado,EDDY,9/15/2016,15:06:00,0,0,0,0,EF0,4,HOPE,$0.00 ,$0.00 ,0
IOWA,Tornado,BENTON,7/17/2016,4:15:00,0,0,0,0,EF1,3.46,NORWAY,"$25,000.00 ","$15,000.00 ",1
ILLINOIS,Tornado,PUTNAM,7/17/2016,19:18:00,0,0,0,0,EF0,1.19,PUTNAM,$0.00 ,$0.00 ,0
ILLINOIS,Tornado,PUTNAM,7/17/2016,19:24:00,0,0,0,0,EF0,0.24,FLORID,$0.00 ,$0.00 ,0
MISSOURI,Tornado,SCOTLAND,4/27/2016,18:48:00,0,0,0,0,EF1,0.2,SPILLMAN MOUND,"$100,000.00 ",$0.00 ,1
OKLAHOMA,Tornado,CHOCTAW,5/9/2016,18:18:00,0,0,0,0,EFU,6,OLD MESSER,$0.00 ,$0.00 ,-1
KENTUCKY,Tornado,BRECKINRIDGE,5/10/2016,13:22:00,0,0,0,0,EF1,0.4,GRAYSVILLE,"$100,000.00 ",$0.00 ,1
KENTUCKY,Tornado,OHIO,5/10/2016,17:06:00,0,0,0,0,EF2,8.6,HARTFORD,"$150,000.00 ",$0.00 ,2
KANSAS,Tornado,GOVE,5/8/2016,16:33:00,0,0,0,0,EF0,8.85,GOVE,$0.00 ,$0.00 ,0
COLORADO,Tornado,WASHINGTON,9/2/2016,15:05:00,0,0,0,0,EF0,0.01,OTIS STANSFIELD ARPT,$0.00 ,$0.00 ,0
COLORADO,Tornado,YUMA,5/7/2016,16:53:00,4,0,0,0,EF2,7.94,WRAY MUNI ARPT,"$135,000.00 ",$0.00 ,2
KANSAS,Tornado,BUTLER,5/27/2016,16:26:00,0,0,0,0,EF0,0.1,HAVERHILL,$0.00 ,$0.00 ,0
NEW MEXICO,Tornado,EDDY,9/17/2016,15:50:00,0,0,0,0,EF0,0.92,CARLSBAD,$0.00 ,$0.00 ,0
TEXAS,Tornado,MCCULLOCH,3/8/2016,19:14:00,0,0,0,0,EF1,0.58,VOCA,$0.00 ,$0.00 ,1
TEXAS,Tornado,MASON,3/8/2016,19:10:00,0,0,0,0,EF1,1.12,KATEMCY,$0.00 ,$0.00 ,1
IOWA,Tornado,DUBUQUE,7/23/2016,15:46:00,0,0,0,0,EF0,0.78,WORTHINGTON,$0.00 ,$0.00 ,0
TEXAS,Tornado,THROCKMORTON,5/29/2016,19:09:00,0,0,0,0,EF0,0.02,ELBERT,$0.00 ,$0.00 ,0
KANSAS,Tornado,DICKINSON,5/25/2016,18:20:00,5,0,0,0,EF4,21.61,SOLOMON,$0.00 ,$0.00 ,4
NEBRASKA,Tornado,LOGAN,9/4/2016,20:12:00,0,0,0,0,EF0,0.01,STAPLETON,$0.00 ,$0.00 ,0
KANSAS,Tornado,GREELEY,5/27/2016,13:51:00,0,0,0,0,EF0,0.13,HORACE,$0.00 ,$0.00 ,0
KANSAS,Tornado,GREELEY,5/27/2016,14:12:00,0,0,0,0,EF0,0.1,WHITELAW,$0.00 ,$0.00 ,0
WEST VIRGINIA,Tornado,JACKSON,6/23/2016,4:07:00,2,0,0,0,EF1,0.06,KENNA,"$20,000.00 ",$0.00 ,1
NEW MEXICO,Tornado,HIDALGO,9/1/2016,15:30:00,0,0,0,0,EFU,0.38,LORDSBURG,$0.00 ,$0.00 ,-1
TEXAS,Tornado,JASPER,5/27/2016,12:28:00,0,0,0,0,EF0,0.05,BROWNDALE,"$2,000.00 ",$0.00 ,0
TEXAS,Tornado,KIMBLE,5/28/2016,18:50:00,0,0,0,0,EF2,4.82,SEGOVIA,$0.00 ,$0.00 ,2
TEXAS,Tornado,SHACKELFORD,5/29/2016,20:28:00,0,0,0,0,EF0,1.71,FT GRIFFIN,$0.00 ,$0.00 ,0
COLORADO,Tornado,CHEYENNE,5/26/2016,16:05:00,0,0,0,0,EF0,0.02,KIT CARSON,$0.00 ,$0.00 ,0
MISSISSIPPI,Tornado,LEAKE,11/29/2016,16:29:00,0,0,0,0,EF0,2.72,WALNUT GROVE,"$50,000.00 ",$0.00 ,0
KANSAS,Tornado,WICHITA,5/27/2016,15:13:00,0,0,0,0,EF0,0.93,SELKIRK,$0.00 ,$0.00 ,0
MISSOURI,Tornado,SCOTLAND,4/27/2016,19:30:00,0,0,0,0,EF0,0.23,ARBELA,"$100,000.00 ",$0.00 ,0
SOUTH DAKOTA,Tornado,TODD,5/22/2016,18:25:00,0,0,0,0,EF2,4.64,MISSION,"$10,000.00 ",$0.00 ,2
SOUTH DAKOTA,Tornado,TRIPP,5/22/2016,18:35:00,0,0,0,0,EF1,0.68,CLEARFIELD,"$25,000.00 ",$0.00 ,1
MISSISSIPPI,Tornado,OKTIBBEHA,11/29/2016,17:52:00,0,0,0,0,EF1,3.59,SESSUMS,"$45,000.00 ",$0.00 ,1
FLORIDA,Tornado,TAYLOR,9/1/2016,19:07:00,0,0,0,0,EF0,0.01,HOWELL PLACE,$0.00 ,$0.00 ,0
FLORIDA,Tornado,TAYLOR,9/1/2016,19:36:00,0,0,0,0,EF0,0.01,ADAMS BEACH,$0.00 ,$0.00 ,0
FLORIDA,Tornado,TAYLOR,9/1/2016,21:39:00,0,0,0,0,EF0,0.01,SALEM,$0.00 ,$0.00 ,0
MINNESOTA,Tornado,SWIFT,7/5/2016,14:01:00,0,0,0,0,EF0,0.25,DANVERS,$0.00 ,$0.00 ,0
MINNESOTA,Tornado,SWIFT,7/5/2016,13:54:00,0,0,0,0,EF0,1.27,APPLETON ARPT,"$20,000.00 ",$0.00 ,0
MINNESOTA,Tornado,POLK,8/28/2016,19:14:00,0,0,0,0,EF0,0.2,BELTRAMI,$0.00 ,$0.00 ,0
MICHIGAN,Tornado,OTTAWA,8/20/2016,13:18:00,0,0,0,0,EF1,4.08,GITCHEL,"$500,000.00 ",$0.00 ,1
MICHIGAN,Tornado,KENT,8/20/2016,13:34:00,0,0,0,0,EF0,4.25,GRANDVILLE ARPT,"$500,000.00 ",$0.00 ,0
NORTH DAKOTA,Tornado,ROLETTE,8/3/2016,16:28:00,0,0,0,0,EF2,8.02,MYLO,"$600,000.00 ","$350,000.00 ",2
NEBRASKA,Tornado,SHERMAN,8/11/2016,19:52:00,0,0,0,0,EF0,0.1,ROCKVILLE,$0.00 ,$0.00 ,0
VIRGINIA,Tornado,KING AND QUEEN,2/24/2016,18:34:00,0,0,0,0,EF1,2.58,BRUINGTON,"$500,000.00 ","$5,000.00 ",1
MICHIGAN,Tornado,IONIA,8/20/2016,14:10:00,0,0,0,0,EF1,7.8,ORLEANS,"$750,000.00 ",$0.00 ,1
ILLINOIS,Tornado,COOK,8/9/2016,14:48:00,0,0,0,0,EF0,0.01,CICERO,$0.00 ,$0.00 ,0
VIRGINIA,Tornado,WESTMORELAND,2/24/2016,18:57:00,0,0,0,0,EF1,9.59,NOMINI GROVE,"$905,000.00 ","$78,000.00 ",1
KANSAS,Tornado,CLOUD,8/23/2016,18:15:00,0,0,0,0,EF0,0.05,AURORA,$0.00 ,$0.00 ,0
MICHIGAN,Tornado,ALLEGAN,8/20/2016,12:13:00,0,0,0,0,EF1,10.59,KIBBIE,"$2,000,000.00 ",$0.00 ,1
MICHIGAN,Tornado,KENT,8/20/2016,13:50:00,0,0,0,0,EF0,0.9,GRAND RAPIDS,"$25,000.00 ",$0.00 ,0
WISCONSIN,Tornado,MARATHON,8/4/2016,10:20:00,0,0,0,0,EF1,4.35,CHEROKEE,"$100,000.00 ","$5,000.00 ",1
NEW YORK,Tornado,SUFFOLK,8/10/2016,15:18:00,0,0,0,0,EF0,0.38,MATTITUCK,"$10,000.00 ",$0.00 ,0
CONNECTICUT,Tornado,NEW HAVEN,8/10/2016,12:29:00,0,0,0,0,EF0,2.69,MONTOWESE,"$15,000.00 ",$0.00 ,0
FLORIDA,Tornado,BROWARD,2/16/2016,7:34:00,0,0,0,0,EF0,1.87,PORT EVERGLADES,$0.00 ,$0.00 ,0
TEXAS,Tornado,WILLIAMSON,3/8/2016,9:17:00,0,0,0,0,EF0,1.5,ANDICE,$0.00 ,$0.00 ,0
NEBRASKA,Tornado,BUFFALO,5/9/2016,15:30:00,0,0,0,0,EF0,0.01,ODESSA,$0.00 ,$0.00 ,0
VIRGINIA,Tornado,RICHMOND,2/24/2016,18:47:00,0,0,0,0,EF2,7.47,HAVELOCK,"$3,300,000.00 ",$0.00 ,2
VIRGINIA,Tornado,SUSSEX,2/24/2016,14:31:00,8,0,3,0,EF1,6.19,NEWVILLE,"$2,600,000.00 ",$0.00 ,1
FLORIDA,Tornado,BROWARD,2/16/2016,7:05:00,0,0,0,0,EF0,6.72,MIRAMAR,$0.00 ,$0.00 ,0
NEW MEXICO,Tornado,MCKINLEY,8/13/2016,12:25:00,0,0,0,0,EF0,0.01,HOSPAH,$0.00 ,$0.00 ,0
NEW MEXICO,Tornado,UNION,8/13/2016,13:02:00,0,0,0,0,EF0,0.01,CAPULIN,$0.00 ,$0.00 ,0
NEBRASKA,Tornado,CUSTER,8/11/2016,14:31:00,0,0,0,0,EF0,0.01,SARGENT,$0.00 ,$0.00 ,0
MICHIGAN,Tornado,ALLEGAN,8/20/2016,12:42:00,0,0,0,0,EF1,12.76,BRAVO,"$1,500,000.00 ",$0.00 ,1
MINNESOTA,Tornado,FREEBORN,8/18/2016,15:31:00,0,0,0,0,EF0,0.09,HOLLANDALE,$0.00 ,"$5,000.00 ",0
OHIO,Tornado,WOOD,8/24/2016,20:06:00,0,0,0,0,EF0,0.04,PEMBERVILLE,"$35,000.00 ",$0.00 ,0
MINNESOTA,Tornado,MCLEOD,7/27/2016,11:05:00,0,0,0,0,EF0,0.36,WINSTED,$0.00 ,$0.00 ,0
MINNESOTA,Tornado,RICE,7/5/2016,18:39:00,0,0,0,0,EF1,3.67,CANNON CITY,"$25,000.00 ",$0.00 ,1
WYOMING,Tornado,CAMPBELL,8/7/2016,18:55:00,0,0,0,0,EF1,1.52,GILLETTE,$0.00 ,$0.00 ,1
KANSAS,Tornado,GRAY,8/29/2016,17:12:00,0,0,0,0,EF0,0.24,CIMARRON ARPT,$0.00 ,$0.00 ,0
VIRGINIA,Tornado,FLUVANNA,2/24/2016,16:10:00,0,0,0,0,EF0,4.42,FORK UNION,"$325,000.00 ","$155,000.00 ",0
VIRGINIA,Tornado,MECKLENBURG,2/24/2016,16:48:00,0,0,0,0,EF1,5,REDLAWN,"$260,000.00 ","$50,000.00 ",1
IOWA,Tornado,LINN,8/28/2016,15:33:00,0,0,0,0,EF0,0.1,COGGON,$0.00 ,$0.00 ,0
VIRGINIA,Tornado,SURRY,2/24/2016,14:38:00,0,0,0,0,EF1,2.67,BARHAM,"$15,000.00 ",$0.00 ,1
MINNESOTA,Tornado,GOODHUE,7/5/2016,18:54:00,0,0,0,0,EF0,2.56,SOGN,$0.00 ,$0.00 ,0
IOWA,Tornado,POTTAWATTAMIE,8/4/2016,16:21:00,0,0,0,0,EF0,0.58,BARTLETT,$0.00 ,$0.00 ,0
FLORIDA,Tornado,MIAMI-DADE,2/16/2016,7:51:00,0,0,0,0,EF1,3.78,BISCAYNE GARDENS,$0.00 ,$0.00 ,1
LOUISIANA,Tornado,ORLEANS,8/4/2016,14:30:00,2,0,0,0,EF0,0.54,VIEUX CARRE,$0.00 ,$0.00 ,0
NEBRASKA,Tornado,CUSTER,8/11/2016,14:33:00,0,0,0,0,EF0,0.01,SARGENT,$0.00 ,$0.00 ,0
ALABAMA,Tornado,LIMESTONE,8/19/2016,22:50:00,0,0,0,0,EFU,0.09,OAKLAND,$0.00 ,$0.00 ,-1
IOWA,Tornado,POWESHIEK,11/28/2016,16:30:00,0,0,0,0,EF0,1.17,MONTEZUMA SIG ARPT,$0.00 ,$0.00 ,0
MARYLAND,Tornado,WORCESTER,8/1/2016,15:40:00,0,0,0,0,EF0,3.82,WEST OCEAN CITY,"$75,000.00 ",$0.00 ,0
TEXAS,Tornado,BRISCOE,8/29/2016,13:31:00,0,0,0,0,EFU,0.61,SILVERTON,$0.00 ,$0.00 ,-1
MICHIGAN,Tornado,MENOMINEE,8/11/2016,15:31:00,0,0,0,0,EF1,1.25,CUNARD,"$10,000.00 ",$0.00 ,1
KENTUCKY,Tornado,BARREN,8/20/2016,17:30:00,0,0,0,0,EF0,1.58,BRISTLETOWN,"$50,000.00 ","$50,000.00 ",0
ILLINOIS,Tornado,WHITESIDE,3/15/2016,19:33:00,0,0,0,0,EF0,1.76,DEER GROVE,$0.00 ,$0.00 ,0
TEXAS,Tornado,WASHINGTON,5/26/2016,14:03:00,0,0,0,0,EF0,0.35,WILLIAM PENN,"$10,000.00 ",$0.00 ,0
NEBRASKA,Tornado,ADAMS,5/23/2016,13:37:00,0,0,0,0,EF0,0.09,(HSI)HASTINGS ARPT,$0.00 ,$0.00 ,0
VIRGINIA,Tornado,ESSEX,2/24/2016,18:37:00,25,0,0,0,EF3,10.7,HOWERTONS,"$4,500,000.00 ","$750,000.00 ",3
CALIFORNIA,Tornado,MONTEREY,4/22/2016,16:00:00,0,0,0,0,EF0,0.24,PARAISO SPGS,$0.00 ,$0.00 ,0
MASSACHUSETTS,Tornado,MIDDLESEX,8/22/2016,2:20:00,0,0,0,0,EF1,0.85,CONCORD,"$1,000,000.00 ",$0.00 ,1
FLORIDA,Tornado,COLLIER,2/16/2016,5:10:00,0,0,0,0,EF0,4,SUNNILAND,$0.00 ,$0.00 ,0
LOUISIANA,Tornado,EAST BATON ROUGE,8/12/2016,8:44:00,0,0,0,0,EF0,0.34,PUCKETT,"$200,000.00 ",$0.00 ,0
INDIANA,Tornado,MONTGOMERY,8/24/2016,13:38:00,0,0,0,0,EF2,5.37,CRAWFORDSVILLE,"$75,000.00 ",$0.00 ,2
INDIANA,Tornado,HOWARD,8/24/2016,14:20:00,20,0,0,0,EF3,8.63,KOKOMO RUZICKA ARPT,"$10,000,000.00 ",$0.00 ,3
INDIANA,Tornado,MARION,8/24/2016,15:18:00,0,0,0,0,EF0,0.37,WOODRUFF PLACE,"$15,000.00 ",$0.00 ,0
INDIANA,Tornado,CARROLL,8/24/2016,16:40:00,0,0,0,0,EF1,3,CARROLLTON,"$7,000.00 ","$2,000.00 ",1
INDIANA,Tornado,HOWARD,8/24/2016,17:58:00,0,0,0,0,EF0,0.67,INDIAN HGTS,"$10,000.00 ",$0.00 ,0
FLORIDA,Tornado,BROWARD,2/16/2016,7:10:00,0,0,0,0,EF1,3.47,COCONUT CREEK,"$160,000.00 ",$0.00 ,1
VIRGINIA,Tornado,MIDDLESEX,2/24/2016,20:35:00,0,0,0,0,EF1,4.01,WARNER,"$275,000.00 ","$402,000.00 ",1
VIRGINIA,Tornado,MIDDLESEX,2/24/2016,20:25:00,0,0,0,0,EF0,2.8,MORATTICO,"$10,000.00 ",$0.00 ,0
TENNESSEE,Tornado,MCMINN,11/30/2016,1:20:00,20,0,0,0,EF2,11.33,POPLAR HILL,$0.00 ,$0.00 ,2
INDIANA,Tornado,HOWARD,8/24/2016,16:47:00,0,0,0,0,EF1,14.06,KAPPA CORNER,"$50,000.00 ",$0.00 ,1
INDIANA,Tornado,HOWARD,8/24/2016,18:00:00,0,0,0,0,EF1,1.5,RUSSIAVILLE,"$20,000.00 ","$5,000.00 ",1
INDIANA,Tornado,HOWARD,8/24/2016,18:16:00,0,0,0,0,EF0,2.95,ALTO,"$15,500.00 ",$0.00 ,0
INDIANA,Tornado,HENDRICKS,8/15/2016,16:36:00,0,0,0,0,EF1,1.83,CLAYTON,"$18,000.00 ",$0.00 ,1
INDIANA,Tornado,TIPPECANOE,8/15/2016,16:56:00,0,0,0,0,EF0,0.51,CAIRO,"$3,500.00 ","$2,000.00 ",0
IOWA,Tornado,SCOTT,3/15/2016,18:33:00,0,0,0,0,EF0,0.03,MC CAUSLAND,$0.00 ,$0.00 ,0
VIRGINIA,Tornado,LANCASTER,2/24/2016,20:29:00,0,0,0,0,EF1,3.26,MORATTICO,"$377,000.00 ",$0.00 ,1
IOWA,Tornado,CLINTON,3/15/2016,18:57:00,0,0,0,0,EF1,3.38,BRYANT,$0.00 ,$0.00 ,1
ILLINOIS,Tornado,MCDONOUGH,3/15/2016,17:26:00,0,0,0,0,EF2,8.23,GOOD HOPE,"$200,000.00 ",$0.00 ,2
ILLINOIS,Tornado,WARREN,3/15/2016,17:42:00,0,0,0,0,EF1,6.4,WALNUT GROVE,"$200,000.00 ",$0.00 ,1
WASHINGTON,Tornado,SPOKANE,8/9/2016,16:35:00,0,0,0,0,EF0,0.2,(SKA)FAIRCHILD AFB,$0.00 ,$0.00 ,0
WISCONSIN,Tornado,KEWAUNEE,8/20/2016,9:03:00,0,0,0,0,EF0,0.7,KEWAUNEE,"$25,000.00 ",$0.00 ,0
MICHIGAN,Tornado,MONROE,8/28/2016,11:52:00,0,0,0,0,EF0,0.13,AZALIA,$0.00 ,$0.00 ,0
UTAH,Tornado,GARFIELD,8/26/2016,12:35:00,0,0,0,0,EF0,0.34,PANGUITCH,$0.00 ,$0.00 ,0
INDIANA,Tornado,HENDRICKS,8/15/2016,17:06:00,0,0,0,0,EF1,0.42,BROWNSBURG,"$7,500.00 ",$0.00 ,1
INDIANA,Tornado,HENDRICKS,8/15/2016,17:15:00,0,0,0,0,EF1,0.02,AVON,"$5,000.00 ",$0.00 ,1
INDIANA,Tornado,HENDRICKS,8/15/2016,17:19:00,0,0,0,0,EF0,0.01,BROWNSBURG,"$5,000.00 ",$0.00 ,0
IOWA,Tornado,CLINTON,3/15/2016,18:34:00,0,0,0,0,EF0,1.17,FOLLETTS,$0.00 ,$0.00 ,0
IOWA,Tornado,CLINTON,3/15/2016,18:49:00,3,0,0,0,EF1,1.35,CLINTON MUNI ARPT,"$50,000.00 ",$0.00 ,1
OHIO,Tornado,DARKE,8/20/2016,17:15:00,0,0,0,0,EF0,4.7,LANDIS,"$10,500.00 ","$10,000.00 ",0
NEBRASKA,Tornado,SAUNDERS,8/1/2016,15:21:00,0,0,0,0,EF0,0.04,MEMPHIS,$0.00 ,$0.00 ,0
INDIANA,Tornado,BOONE,8/15/2016,17:27:00,0,0,0,0,EF2,3.8,ROYALTON,"$25,000.00 ","$3,000.00 ",2
INDIANA,Tornado,HAMILTON,8/15/2016,18:04:00,0,0,0,0,EF1,0.42,BOXLEY,"$10,000.00 ","$2,000.00 ",1
INDIANA,Tornado,HOWARD,8/15/2016,19:17:00,0,0,0,0,EF0,0.12,SYCAMORE,"$8,000.00 ",$0.00 ,0
WISCONSIN,Tornado,CHIPPEWA,7/12/2016,1:05:00,0,0,0,0,EF0,0.53,CHIPPEWA FALLS,"$25,000.00 ",$0.00 ,0
OHIO,Tornado,DELAWARE,8/20/2016,17:37:00,0,0,0,0,EF0,3.3,DELAWARE,"$20,000.00 ",$0.00 ,0
FLORIDA,Tornado,NASSAU,8/4/2016,12:40:00,0,1,0,0,EF1,3.67,HEDGES,$0.00 ,$0.00 ,1
OHIO,Tornado,BROWN,8/17/2016,10:16:00,0,0,0,0,EF0,1,SARDINIA,"$30,000.00 ",$0.00 ,0
FLORIDA,Tornado,GLADES,2/16/2016,4:49:00,0,0,0,0,EF1,1.77,MOORE HAVEN,$0.00 ,$0.00 ,1
MINNESOTA,Tornado,TRAVERSE,6/14/2016,16:50:00,0,0,0,0,EF0,0.13,COLLIS,$0.00 ,$0.00 ,0
NEBRASKA,Tornado,WASHINGTON,8/23/2016,18:58:00,0,0,0,0,EF0,0.1,WASHINGTON,$0.00 ,$0.00 ,0
MISSOURI,Tornado,CLINTON,8/26/2016,18:25:00,0,0,0,0,EF0,3.27,LATHROP,"$2,000.00 ",$0.00 ,0
NEBRASKA,Tornado,WASHINGTON,8/23/2016,18:35:00,0,0,0,0,EF0,0.19,WASHINGTON,$0.00 ,$0.00 ,0
MICHIGAN,Tornado,ALLEGAN,8/12/2016,13:10:00,0,0,0,0,EF0,1.08,DOUGLAS,"$75,000.00 ",$0.00 ,0
KANSAS,Tornado,HAMILTON,7/15/2016,14:48:00,0,0,0,0,EF1,7.8,MEDWAY,$0.00 ,$0.00 ,1
FLORIDA,Tornado,OSCEOLA,7/8/2016,19:33:00,0,0,0,0,EF0,0.25,NARCOOSEE,$0.00 ,$0.00 ,0
FLORIDA,Tornado,MANATEE,7/11/2016,18:00:00,0,0,0,0,EF0,0.05,DUETTE,$0.00 ,$0.00 ,0
ILLINOIS,Tornado,ROCK ISLAND,10/6/2016,21:57:00,0,0,0,0,EF1,1.91,CORDOVA,$0.00 ,$0.00 ,1
ILLINOIS,Tornado,WARREN,5/9/2016,16:41:00,0,0,0,0,EF0,0.09,GREENBUSH,$0.00 ,$0.00 ,0
WEST VIRGINIA,Tornado,LINCOLN,7/4/2016,15:42:00,0,0,0,0,EF0,0.23,YAWKEY,"$30,000.00 ",$0.00 ,0
WEST VIRGINIA,Tornado,KANAWHA,7/4/2016,16:06:00,0,0,0,0,EF0,1.87,SOUTH CHARLESTON,"$5,000.00 ",$0.00 ,0
KENTUCKY,Tornado,ROCKCASTLE,7/4/2016,15:27:00,0,0,0,0,EF1,0.18,BRODHEAD,$0.00 ,$0.00 ,1
KANSAS,Tornado,COWLEY,10/6/2016,13:26:00,0,0,0,0,EF0,0.03,WINFIELD ARPT,$0.00 ,$0.00 ,0
KANSAS,Tornado,COWLEY,10/6/2016,14:08:00,0,0,0,0,EF1,0.51,CAMBRIDGE,"$20,000.00 ",$0.00 ,1
KANSAS,Tornado,SALINE,10/6/2016,15:13:00,0,0,0,0,EF2,0.21,MENTOR,$0.00 ,$0.00 ,2
INDIANA,Tornado,ST. JOSEPH,10/12/2016,17:26:00,0,0,0,0,EF0,1.25,GILMER PARK,$0.00 ,$0.00 ,0
INDIANA,Tornado,ST. JOSEPH,10/12/2016,17:30:00,0,0,0,0,EF0,0.05,SOUTH BEND,$0.00 ,$0.00 ,0
KANSAS,Tornado,COWLEY,10/6/2016,13:42:00,0,0,0,0,EF1,0.14,DEXTER,"$25,000.00 ",$100.00 ,1
KANSAS,Tornado,SALINE,10/6/2016,15:19:00,0,0,0,0,EF3,6.48,GYPSUM,$0.00 ,$0.00 ,3
TEXAS,Tornado,GLASSCOCK,5/22/2016,19:42:00,0,0,0,0,EF3,3.71,GARDEN CITY,"$45,000.00 ",$0.00 ,3
NORTH CAROLINA,Tornado,WAYNE,10/8/2016,13:50:00,0,0,0,0,EF0,0.93,BESTS,"$75,000.00 ","$25,000.00 ",0
COLORADO,Tornado,ADAMS,7/2/2016,17:31:00,0,0,0,0,EF0,0.01,BENNETT,$0.00 ,$0.00 ,0
COLORADO,Tornado,WELD,7/27/2016,15:54:00,0,0,0,0,EF0,0.01,NUNN,$0.00 ,$0.00 ,0
OREGON,Tornado,TILLAMOOK,10/14/2016,7:18:00,0,0,0,0,EF2,0.7,MANZANITA,"$1,000,000.00 ",$0.00 ,2
OKLAHOMA,Tornado,PAYNE,7/3/2016,15:11:00,0,0,0,0,EF1,0.75,STILLWATER,$0.00 ,$0.00 ,1
SOUTH DAKOTA,Tornado,MEADE,7/6/2016,15:28:00,0,0,0,0,EF1,1.12,WHITE OWL,$0.00 ,$0.00 ,1
PENNSYLVANIA,Tornado,WASHINGTON,8/17/2016,13:41:00,0,0,0,0,EF0,0.87,DONORA,"$10,000.00 ",$0.00 ,0
KANSAS,Tornado,BARTON,7/2/2016,17:26:00,0,0,0,0,EF0,0.83,OLMITZ,$0.00 ,$0.00 ,0
KANSAS,Tornado,CLAY,10/6/2016,15:18:00,0,0,0,0,EF1,3.45,CLIFTON,$0.00 ,$0.00 ,1
WEST VIRGINIA,Tornado,WAYNE,7/4/2016,14:49:00,0,0,0,0,EF0,0.25,PADDLE CREEK,"$1,000.00 ",$0.00 ,0
KENTUCKY,Tornado,LAWRENCE,7/4/2016,14:44:00,5,0,0,0,EF2,2.38,LOUISA,"$500,000.00 ",$0.00 ,2
MONTANA,Tornado,BEAVERHEAD,7/10/2016,11:30:00,0,0,0,0,EF0,0.03,DILLON,$0.00 ,$0.00 ,0
NORTH DAKOTA,Tornado,NELSON,7/7/2016,13:05:00,0,0,0,0,EF0,9.02,LAKOTA MUNI ARPT,$0.00 ,$0.00 ,0
ILLINOIS,Tornado,BUREAU,6/22/2016,19:35:00,0,0,0,0,EF1,0.48,MALDEN,$0.00 ,$0.00 ,1
IOWA,Tornado,LOUISA,5/9/2016,16:18:00,0,0,0,0,EF0,0.09,WYMAN,$0.00 ,$0.00 ,0
OREGON,Tornado,WALLOWA,7/12/2016,15:58:00,0,0,0,0,EF0,1,ROBERTS BUTTE,$0.00 ,$0.00 ,0
COLORADO,Tornado,KIOWA,7/15/2016,14:00:00,0,0,0,0,EF0,3.79,SHERIDAN LAKE,$0.00 ,$0.00 ,0
ILLINOIS,Tornado,MASSAC,7/6/2016,12:39:00,2,0,0,0,EF1,2.79,METROPOLIS,"$350,000.00 ",$0.00 ,1
NEBRASKA,Tornado,MCPHERSON,7/6/2016,19:08:00,0,0,0,0,EF0,0.5,TRYON,$0.00 ,$0.00 ,0
KENTUCKY,Tornado,MCCRACKEN,7/6/2016,12:29:00,0,0,0,0,EF1,2.55,RAGLAND,"$40,000.00 ",$0.00 ,1
NORTH DAKOTA,Tornado,GRAND FORKS,7/7/2016,16:06:00,0,0,0,0,EF0,0.25,POWELL,$0.00 ,$0.00 ,0
KENTUCKY,Tornado,BALLARD,7/6/2016,12:26:00,0,0,0,0,EF1,1.85,OGDEN,"$75,000.00 ",$0.00 ,1
KENTUCKY,Tornado,CALLOWAY,7/3/2016,17:40:00,0,0,0,0,EF0,0.37,COLDWATER,$0.00 ,$0.00 ,0
OREGON,Tornado,TILLAMOOK,10/14/2016,8:00:00,0,0,0,0,EFU,0.01,OCEANSIDE,$0.00 ,$0.00 ,-1
NORTH DAKOTA,Tornado,GRAND FORKS,7/7/2016,16:15:00,0,0,0,0,EF0,0.5,MERRIFIELD,$0.00 ,$0.00 ,0
IDAHO,Tornado,CARIBOU,7/31/2016,14:35:00,0,0,0,0,EF0,1.68,SODA SPGS,$0.00 ,$0.00 ,0
TEXAS,Tornado,GALVESTON,7/17/2016,7:30:00,0,0,0,0,EF0,0.04,(GLS)SCHOLES FLD GAL,$0.00 ,$0.00 ,0
NORTH DAKOTA,Tornado,BARNES,7/26/2016,13:40:00,0,0,0,0,EF0,0.25,BEREA,$0.00 ,$0.00 ,0
KANSAS,Tornado,CLAY,10/4/2016,17:27:00,0,0,0,0,EF1,4.92,GREEN,$0.00 ,$0.00 ,1
KANSAS,Tornado,WASHINGTON,10/6/2016,15:23:00,0,0,0,0,EF1,6.52,PALMER,$0.00 ,$0.00 ,1
KANSAS,Tornado,CLAY,10/6/2016,15:36:00,0,0,0,0,EF1,6.41,CLAY CENTER,$0.00 ,$0.00 ,1
KANSAS,Tornado,OTTAWA,10/4/2016,16:32:00,0,0,0,0,EF0,0.1,VINE CREEK,$0.00 ,$0.00 ,0
ARIZONA,Tornado,MOHAVE,7/27/2016,15:38:00,0,0,0,0,EF0,0.1,BERRY,$0.00 ,$0.00 ,0
NEBRASKA,Tornado,SHERIDAN,7/6/2016,15:56:00,0,0,0,0,EF0,0.1,ELLSWORTH,$0.00 ,$0.00 ,0
NEBRASKA,Tornado,ARTHUR,7/6/2016,17:55:00,0,0,0,0,EF0,0.1,BUCKTAIL,$0.00 ,$0.00 ,0
NEBRASKA,Tornado,MCPHERSON,7/6/2016,18:03:00,0,0,0,0,EF0,0.2,TRYON,$0.00 ,$0.00 ,0
NORTH DAKOTA,Tornado,PEMBINA,7/19/2016,16:30:00,0,0,0,0,EF1,5.29,HALLSON,$0.00 ,$0.00 ,1
NORTH DAKOTA,Tornado,WALSH,7/19/2016,17:17:00,0,0,0,0,EF1,1.5,HOOPLE,$0.00 ,$0.00 ,1
NORTH DAKOTA,Tornado,WALSH,7/19/2016,17:36:00,0,0,0,0,EF1,1,NASH,$0.00 ,$0.00 ,1
SOUTH DAKOTA,Tornado,OGLALA LAKOTA,7/16/2016,17:27:00,0,0,0,0,EF0,0.1,PORCUPINE,$0.00 ,$0.00 ,0
KANSAS,Tornado,CHASE,7/7/2016,19:53:00,0,0,0,0,EF0,0.11,MATFIELD GREEN,$0.00 ,$0.00 ,0
FLORIDA,Tornado,MARION,7/23/2016,20:00:00,0,0,0,0,EF0,0.88,MARION OAKS,$0.00 ,$0.00 ,0
MINNESOTA,Tornado,BELTRAMI,7/19/2016,20:14:00,0,0,0,0,EF1,4,PUPOSKY,$0.00 ,$0.00 ,1
NEBRASKA,Tornado,SHERIDAN,7/26/2016,18:00:00,0,0,0,0,EF2,1,CLINTON,"$25,000.00 ",$0.00 ,2
NEBRASKA,Tornado,SHERIDAN,7/26/2016,18:39:00,0,0,0,0,EF0,0.2,GORDON,$0.00 ,$0.00 ,0
MICHIGAN,Tornado,BAY,7/8/2016,14:16:00,0,0,0,0,EF0,2,PINCONNING,"$10,000.00 ",$0.00 ,0
GEORGIA,Tornado,CHATHAM,7/4/2016,16:18:00,0,0,0,0,EFU,0.03,MONTGOMERY,$0.00 ,$0.00 ,-1
KANSAS,Tornado,WILSON,7/7/2016,21:41:00,0,0,0,0,EF0,0.11,COYVILLE,$0.00 ,$0.00 ,0
MINNESOTA,Tornado,POLK,7/19/2016,19:55:00,0,0,0,0,EF1,0.83,EUCLID,$0.00 ,$0.00 ,1
MINNESOTA,Tornado,RED LAKE,7/19/2016,19:58:00,0,0,0,0,EF1,4,DOROTHY,$0.00 ,$0.00 ,1
OHIO,Tornado,HAMILTON,7/13/2016,21:18:00,0,0,0,0,EF0,0.71,COVEDALE,"$15,000.00 ",$0.00 ,0
NEBRASKA,Tornado,CHERRY,7/6/2016,17:25:00,0,0,0,0,EF1,4.62,IRWIN,"$45,000.00 ",$0.00 ,1
NEBRASKA,Tornado,CHERRY,7/6/2016,17:30:00,0,0,0,0,EF1,0.5,IRWIN,$0.00 ,$0.00 ,1
NEBRASKA,Tornado,SHERIDAN,7/6/2016,14:18:00,0,0,0,0,EF0,0.1,HAY SPGS,$0.00 ,$0.00 ,0
KANSAS,Tornado,FORD,5/24/2016,17:52:00,1,0,0,0,EF2,15.6,DODGE CITY,$0.00 ,$0.00 ,2
WISCONSIN,Tornado,IRON,7/11/2016,22:41:00,0,0,0,0,EF1,1.4,VAN BUSKIRK,$0.00 ,$0.00 ,1
IOWA,Tornado,HARDIN,11/28/2016,12:44:00,0,0,0,0,EF0,5.22,RADCLIFFE,"$5,000.00 ",$0.00 ,0
IOWA,Tornado,GRUNDY,11/28/2016,15:38:00,0,0,0,0,EF0,2.59,FERN,$0.00 ,$0.00 ,0
IOWA,Tornado,BUTLER,11/28/2016,15:43:00,0,0,0,0,EF0,3.09,PARKERSBURG,"$3,000.00 ",$0.00 ,0
KANSAS,Tornado,HODGEMAN,5/24/2016,18:03:00,0,0,0,0,EF0,0.6,JETMORE,$0.00 ,$0.00 ,0
IOWA,Tornado,MAHASKA,11/28/2016,16:11:00,0,0,0,0,EF0,1.64,NEW SHARON,$0.00 ,$0.00 ,0
IOWA,Tornado,POWESHIEK,11/28/2016,16:15:00,0,0,0,0,EF0,2.9,FOREST HOME,$0.00 ,$0.00 ,0
IOWA,Tornado,GRUNDY,11/28/2016,15:41:00,0,0,0,0,EF0,1.47,GRUNDY CENTER ARPT,$0.00 ,$0.00 ,0
GEORGIA,Tornado,FORSYTH,11/30/2016,14:09:00,0,0,0,0,EF0,1.86,SINCLAIR LAKE,"$15,000.00 ",$0.00 ,0
GEORGIA,Tornado,JACKSON,11/30/2016,15:04:00,0,0,0,0,EF1,2.37,GROVE LEVEL,"$50,000.00 ",$0.00 ,1
KANSAS,Tornado,FORD,5/24/2016,17:22:00,0,0,0,0,EF2,5,DODGE CITY,$0.00 ,$0.00 ,2
ALABAMA,Tornado,CULLMAN,11/29/2016,22:05:00,0,0,0,0,EF1,0.15,JONES CHAPEL,$0.00 ,$0.00 ,1
ALABAMA,Tornado,JACKSON,11/29/2016,22:02:00,0,0,0,0,EF1,0.9,ESTILLFORK,$0.00 ,$0.00 ,1
MISSOURI,Tornado,GRUNDY,5/30/2016,17:14:00,0,0,0,0,EF0,0.01,EDINBURG,$0.00 ,$0.00 ,0
GEORGIA,Tornado,CATOOSA,11/30/2016,1:56:00,0,0,0,0,EF0,1.29,COPELAND,"$50,000.00 ",$0.00 ,0
KANSAS,Tornado,HODGEMAN,5/24/2016,18:11:00,0,0,0,0,EF3,4.8,JETMORE,$0.00 ,$0.00 ,3
TEXAS,Tornado,MOORE,6/13/2016,19:06:00,0,0,0,0,EF0,0.3,LAKE MEREDITH,$0.00 ,$0.00 ,0
NEW MEXICO,Tornado,BERNALILLO,7/17/2016,15:00:00,0,0,0,0,EF0,0.01,CHILILI,$0.00 ,$0.00 ,0
ALABAMA,Tornado,CULLMAN,11/29/2016,21:05:00,0,0,0,0,EF1,2.41,CRANE HILL,$0.00 ,$0.00 ,1
GEORGIA,Tornado,BANKS,11/30/2016,15:10:00,0,0,0,0,EF1,0.43,BANKS CROSSING,"$15,000.00 ",$0.00 ,1
MISSISSIPPI,Tornado,HANCOCK,12/13/2016,15:19:00,0,0,0,0,EF0,1.59,VIDALIA,$0.00 ,$0.00 ,0
MISSISSIPPI,Tornado,WINSTON,11/29/2016,17:49:00,0,0,0,0,EF1,2.31,FEARNS SPGS,"$150,000.00 ",$0.00 ,1
KANSAS,Tornado,SHAWNEE,5/26/2016,15:00:00,0,0,0,0,EF0,0.01,ROSSVILLE,$0.00 ,$0.00 ,0
ALABAMA,Tornado,MARSHALL,11/29/2016,23:05:00,0,0,0,0,EF1,1.2,OLEANDER,$0.00 ,$0.00 ,1
ALABAMA,Tornado,MORGAN,11/29/2016,20:40:00,0,0,0,0,EF3,6.2,DANVILLE,$0.00 ,$0.00 ,3
MISSOURI,Tornado,PUTNAM,5/31/2016,18:04:00,0,0,0,0,EF0,0.01,MIDWAY,$0.00 ,$0.00 ,0
ALABAMA,Tornado,DEKALB,11/30/2016,0:09:00,9,0,1,0,EF3,8.36,IDER,$0.00 ,$0.00 ,3
TEXAS,Tornado,POTTER,6/13/2016,19:25:00,0,0,0,0,EF1,1.24,(AMA)AMARILLO INTL A,$0.00 ,$0.00 ,1
TEXAS,Tornado,CARSON,6/13/2016,19:31:00,0,0,0,0,EF2,3.72,MASTERSON,$0.00 ,$0.00 ,2
ALABAMA,Tornado,JACKSON,11/30/2016,0:02:00,0,0,3,0,EF2,5.12,ROSLIE,$0.00 ,$0.00 ,2
GEORGIA,Tornado,CARROLL,11/30/2016,12:53:00,0,0,0,0,EF0,4.02,BOWDON JCT,"$8,000.00 ",$0.00 ,0
GEORGIA,Tornado,COBB,11/30/2016,13:39:00,0,0,0,0,EF1,0.46,LELAND,"$50,000.00 ",$0.00 ,1
MINNESOTA,Tornado,WADENA,6/19/2016,17:29:00,0,0,0,0,EF0,0.33,OYLEN,$0.00 ,$0.00 ,0
ALABAMA,Tornado,MADISON,11/29/2016,21:29:00,0,0,0,0,EF2,13.21,HUNTSVILLE MILLS ARP,$0.00 ,$0.00 ,2
NEW MEXICO,Tornado,ROOSEVELT,9/14/2016,23:07:00,0,0,0,0,EF0,3.15,TOLAR,$0.00 ,$0.00 ,0
NEW MEXICO,Tornado,CHAVES,9/15/2016,13:10:00,0,0,0,0,EF0,4.73,FLYING H RANCH,$0.00 ,$0.00 ,0
KANSAS,Tornado,WICHITA,5/22/2016,19:17:00,0,0,0,0,EF0,3.85,LYDIA,$0.00 ,$0.00 ,0
ALABAMA,Tornado,JACKSON,11/29/2016,21:45:00,0,0,0,0,EF1,6.64,PRINCETON,$0.00 ,$0.00 ,1
NEW MEXICO,Tornado,GUADALUPE,9/15/2016,10:47:00,0,0,0,0,EF0,1.43,VAUGHN,$0.00 ,$0.00 ,0
ALABAMA,Tornado,JACKSON,11/29/2016,23:00:00,0,0,0,0,EF1,2.31,CHRISTIAN HOME,$0.00 ,$0.00 ,1
MISSISSIPPI,Tornado,MONROE,11/29/2016,18:15:00,0,0,0,0,EF1,5.98,MULDON,"$200,000.00 ",$0.00 ,1
ALABAMA,Tornado,JACKSON,11/30/2016,2:11:00,0,0,0,0,EF0,3.4,OLALEE,$0.00 ,$0.00 ,0
GEORGIA,Tornado,FULTON,11/30/2016,13:50:00,0,0,0,0,EF1,1.9,BOLTON,"$25,000.00 ",$0.00 ,1
GEORGIA,Tornado,FULTON,11/30/2016,14:07:00,0,0,0,0,EF0,1.07,OCEE,"$1,000.00 ",$0.00 ,0
LOUISIANA,Tornado,ASCENSION,12/5/2016,11:47:00,0,0,0,0,EF1,3.4,BRIGNAC,$0.00 ,$0.00 ,1
KANSAS,Tornado,OTTAWA,5/25/2016,18:07:00,3,0,0,0,EF3,3.48,NILES,$0.00 ,$0.00 ,3
ALABAMA,Tornado,FRANKLIN,11/29/2016,19:05:00,1,0,0,0,EF2,3.98,PLEASANT GROVE,$0.00 ,$0.00 ,2
MISSOURI,Tornado,JOHNSON,5/26/2016,16:03:00,0,0,0,0,EF0,1.38,BURTVILLE,$0.00 ,$0.00 ,0
KANSAS,Tornado,RILEY,5/26/2016,13:03:00,0,0,0,0,EF0,0.01,ZEANDALE,$0.00 ,$0.00 ,0
ALABAMA,Tornado,COLBERT,11/29/2016,19:08:00,2,0,0,0,EF1,6.89,CROOKED OAK,$0.00 ,$0.00 ,1
FLORIDA,Tornado,LEE,8/13/2016,18:26:00,0,0,0,0,EF0,0.1,TICE,"$20,000.00 ",$0.00 ,0
PENNSYLVANIA,Tornado,BUTLER,8/25/2016,20:43:00,0,0,0,0,EF0,2.08,ZENO,"$5,000.00 ",$0.00 ,0
IOWA,Tornado,BUCHANAN,7/23/2016,15:05:00,0,0,0,0,EF1,0.05,MONTI,$0.00 ,$0.00 ,1
ILLINOIS,Tornado,MCDONOUGH,5/9/2016,16:15:00,0,0,0,0,EF0,0.1,BUSHNELL,$0.00 ,$0.00 ,0
IOWA,Tornado,DELAWARE,7/23/2016,15:06:00,0,0,0,0,EF1,0.11,MASONVILLE,"$5,000.00 ",$0.00 ,1
NEBRASKA,Tornado,BUFFALO,12/25/2016,12:24:00,0,0,0,0,EF0,4.18,CENTENNIAL ARPT,"$225,000.00 ",$0.00 ,0
KANSAS,Tornado,OSBORNE,12/25/2016,11:45:00,0,0,0,0,EF0,1.87,ALTON,"$5,000.00 ",$0.00 ,0
KENTUCKY,Tornado,MARSHALL,12/26/2016,15:08:00,0,0,0,0,EF0,1.44,ELVA,"$4,000.00 ",$0.00 ,0
TEXAS,Tornado,GRIMES,5/26/2016,14:20:00,0,0,0,0,EF0,0.11,NAVASOTA MUNI ARPT,"$50,000.00 ",$0.00 ,0
KANSAS,Tornado,SALINE,12/25/2016,13:53:00,0,0,0,0,EF0,0.13,NEW CAMBRIA,$0.00 ,$0.00 ,0
TEXAS,Tornado,MOORE,9/17/2016,20:47:00,0,0,0,0,EF0,1.17,FOUR WAY,$0.00 ,$0.00 ,0
TEXAS,Tornado,GRIMES,5/26/2016,14:28:00,0,0,0,0,EF1,0.1,COURTNEY,"$100,000.00 ",$0.00 ,1
TEXAS,Tornado,GRIMES,5/26/2016,14:29:00,0,0,0,0,EF2,1.28,COURTNEY,"$200,000.00 ",$0.00 ,2
TEXAS,Tornado,MOORE,9/17/2016,20:41:00,0,0,0,0,EF0,0.01,FOUR WAY,$0.00 ,$0.00 ,0
NEBRASKA,Tornado,CLAY,5/9/2016,16:06:00,0,0,0,0,EF0,2.67,FAIRFIELD,"$75,000.00 ",$0.00 ,0
IOWA,Tornado,BENTON,6/14/2016,16:16:00,0,0,0,0,EF0,0.17,CHENEY,$0.00 ,$0.00 ,0
IOWA,Tornado,MUSCATINE,10/6/2016,21:07:00,0,0,0,0,EF1,9.52,MUSCATINE,$0.00 ,$0.00 ,1
IOWA,Tornado,DELAWARE,7/23/2016,15:18:00,0,0,0,0,EF1,0.22,TURTLE CREEK PARK,$0.00 ,$0.00 ,1
IOWA,Tornado,SCOTT,10/6/2016,21:36:00,0,0,0,0,EF1,18.11,CREDIT ISLAND,$0.00 ,$0.00 ,1
ILLINOIS,Tornado,ROCK ISLAND,10/6/2016,21:41:00,0,0,0,0,EF0,4.86,COYNE CENTER,$0.00 ,$0.00 ,0
ILLINOIS,Tornado,KANKAKEE,7/17/2016,20:41:00,0,0,0,0,EF1,2.16,BUCKINGHAM,$0.00 ,$0.00 ,1
KANSAS,Tornado,LABETTE,10/6/2016,11:14:00,0,0,0,0,EF0,0.14,BARTLETT,$0.00 ,$0.00 ,0
KANSAS,Tornado,LABETTE,10/6/2016,10:57:00,0,0,0,0,EF0,0.22,BARTLETT,$0.00 ,$0.00 ,0
KANSAS,Tornado,FORD,12/25/2016,9:44:00,0,0,0,0,EF0,5.79,DODGE CITY,$0.00 ,$0.00 ,0
KANSAS,Tornado,FORD,12/25/2016,10:30:00,0,0,0,0,EF0,0.24,BUCKLIN,$0.00 ,$0.00 ,0
MISSISSIPPI,Tornado,CALHOUN,12/17/2016,23:45:00,0,0,0,0,EF1,0.35,LOYD,"$80,000.00 ",$0.00 ,1
ILLINOIS,Tornado,CLARK,9/9/2016,17:44:00,0,0,0,0,EF0,0.1,CASEY,$0.00 ,"$10,000.00 ",0
KANSAS,Tornado,KIOWA,12/25/2016,10:31:00,0,0,0,0,EF0,2.93,MULLINVILLE,$0.00 ,$0.00 ,0
KANSAS,Tornado,KIOWA,12/25/2016,10:51:00,0,0,0,0,EF0,6.34,GREENSBURG,$0.00 ,$0.00 ,0
KANSAS,Tornado,COMANCHE,12/25/2016,10:58:00,0,0,0,0,EF0,1.88,WILMORE,"$85,000.00 ",$0.00 ,0
KANSAS,Tornado,RUSH,12/25/2016,10:54:00,0,0,0,0,EF0,1.15,NEKOMA,$0.00 ,$0.00 ,0
IOWA,Tornado,CLINTON,5/31/2016,9:04:00,0,0,0,0,EF0,0.03,ELVIRA,$0.00 ,$0.00 ,0
TEXAS,Tornado,MONTGOMERY,5/26/2016,16:52:00,0,0,0,0,EF1,0.96,GRANGER,"$100,000.00 ",$0.00 ,1
ILLINOIS,Tornado,BUREAU,6/22/2016,19:04:00,0,0,0,0,EF0,0.28,NEW BEDFORD,$0.00 ,$0.00 ,0
ILLINOIS,Tornado,BUREAU,6/22/2016,18:40:00,0,0,0,0,EF0,0.58,VAN ORIN,$0.00 ,$0.00 ,0
NEBRASKA,Tornado,PHELPS,12/25/2016,11:50:00,0,0,0,0,EF1,2.75,SACRAMENTO,"$375,000.00 ",$0.00 ,1
NEBRASKA,Tornado,KEARNEY,12/25/2016,12:16:00,0,0,0,0,EF0,0.51,NORMAN,"$5,000.00 ",$0.00 ,0
ALABAMA,Tornado,COLBERT,12/17/2016,23:37:00,0,0,0,0,EF0,0.62,PICKWICK LAKE,$0.00 ,$0.00 ,0
OHIO,Tornado,BELMONT,8/14/2016,12:58:00,0,0,0,0,EFU,0.53,CRESCENT,$0.00 ,$0.00 ,-1
IOWA,Tornado,JACKSON,7/17/2016,5:03:00,0,0,0,0,EF1,1,ANDREW,"$5,000,000.00 ",$0.00 ,1
TEXAS,Tornado,HANSFORD,9/9/2016,17:20:00,0,0,0,0,EF0,0.28,GRUVER,$0.00 ,$0.00 ,0
GEORGIA,Tornado,JACKSON,12/29/2016,3:50:00,0,0,0,0,EF1,3.49,RED STONE,"$50,000.00 ",$0.00 ,1
ALABAMA,Tornado,FRANKLIN,12/18/2016,0:42:00,0,0,0,0,EF0,0.97,VINA,$0.00 ,$0.00 ,0
ILLINOIS,Tornado,VERMILION,9/9/2016,17:34:00,0,0,0,0,EF1,1.63,(DNV)VERMLION APT DA,"$50,000.00 ",$0.00 ,1
NEBRASKA,Tornado,WEBSTER,11/27/2016,16:32:00,0,0,0,0,EF1,3.79,AMBOY,"$150,000.00 ",$0.00 ,1
KANSAS,Tornado,GREENWOOD,7/7/2016,20:41:00,0,0,0,0,EF2,3.59,EUREKA ARPT,"$3,800,000.00 ",$0.00 ,2
ARKANSAS,Tornado,GRANT,12/17/2016,19:03:00,0,0,0,0,EF1,0.48,CEDAR BRANCH,"$100,000.00 ",$0.00 ,1
NEW HAMPSHIRE,Tornado,COOS,7/18/2016,11:42:00,0,0,0,0,EF0,2.02,PITTSBURG,$0.00 ,$0.00 ,0
COLORADO,Tornado,CHEYENNE,7/15/2016,13:08:00,0,0,0,0,EF1,2.32,SALIS,"$32,500.00 ",$0.00 ,1
ALABAMA,Tornado,MARION,11/29/2016,19:29:00,0,0,0,0,EF0,10.6,TWIN,$0.00 ,$0.00 ,0
MAINE,Tornado,AROOSTOOK,7/18/2016,16:40:00,0,0,0,0,EF0,0.07,HANFORD,$0.00 ,$0.00 ,0
ALABAMA,Tornado,LEE,11/30/2016,12:35:00,0,0,0,0,EF1,2.7,MIDDLE BROOKS XRDS,$0.00 ,$0.00 ,1
KANSAS,Tornado,KINGMAN,7/28/2016,19:16:00,0,0,0,0,EF0,3.79,PENALOSA,$0.00 ,$0.00 ,0
NORTH DAKOTA,Tornado,MOUNTRAIL,7/20/2016,15:42:00,0,0,0,0,EF0,0.95,PALERMO,$0.00 ,$0.00 ,0
ALABAMA,Tornado,WINSTON,11/29/2016,20:06:00,0,0,0,0,EF2,3.2,PLEASANT HILL,$0.00 ,$0.00 ,2
PENNSYLVANIA,Tornado,BRADFORD,7/25/2016,13:58:00,0,0,0,0,EF1,0.11,MONROETON,"$25,000.00 ",$0.00 ,1
COLORADO,Tornado,CHEYENNE,7/15/2016,13:19:00,0,0,0,0,EF0,3.65,SALIS,$0.00 ,$0.00 ,0
SOUTH DAKOTA,Tornado,CLARK,7/16/2016,19:23:00,0,0,0,0,EF0,0.06,CLARK,$0.00 ,$0.00 ,0
PUERTO RICO,Tornado,MANATI,11/18/2016,15:10:00,0,0,0,0,EF0,0.62,MANATI,"$10,000.00 ",$0.00 ,0
ALABAMA,Tornado,HALE,11/30/2016,5:18:00,0,0,0,0,EF1,7.8,GALLION,$0.00 ,$0.00 ,1
ALABAMA,Tornado,PICKENS,11/29/2016,19:15:00,0,0,0,0,EF1,5.3,MELROSE,$0.00 ,$0.00 ,1
ALABAMA,Tornado,WINSTON,11/29/2016,22:20:00,0,0,0,0,EF1,3,NESMITH,$0.00 ,$0.00 ,1
NORTH CAROLINA,Tornado,MECKLENBURG,11/30/2016,18:26:00,0,0,0,0,EF1,2.37,SHOPTON,"$100,000.00 ",$0.00 ,1
ALABAMA,Tornado,WINSTON,11/29/2016,20:52:00,0,0,0,0,EF2,7.1,NATHAN,$0.00 ,$0.00 ,2
ALABAMA,Tornado,MARION,11/30/2016,0:01:00,0,0,0,0,EF1,16.85,GUIN,$0.00 ,$0.00 ,1
ALABAMA,Tornado,LAMAR,11/29/2016,23:40:00,0,0,0,0,EF1,9.69,VERNON LAMAR CO ARPT,$0.00 ,$0.00 ,1
ALABAMA,Tornado,MARENGO,11/30/2016,5:10:00,0,0,0,0,EF1,5.13,ALLENVILLE,$0.00 ,$0.00 ,1
FLORIDA,Tornado,OKALOOSA,11/30/2016,10:38:00,0,0,0,0,EF0,0.77,MARY ESTHER,"$50,000.00 ",$0.00 ,0
NEBRASKA,Tornado,FRANKLIN,11/27/2016,16:02:00,0,0,0,0,EF0,0.53,UPLAND,$0.00 ,$0.00 ,0
NEBRASKA,Tornado,NUCKOLLS,11/27/2016,17:00:00,0,0,0,0,EF0,4.2,NELSON,"$3,000.00 ",$0.00 ,0
ALABAMA,Tornado,CHAMBERS,11/30/2016,12:39:00,0,0,0,0,EF1,0.52,WAVERLY,$0.00 ,$0.00 ,1
LOUISIANA,Tornado,AVOYELLES,11/28/2016,16:25:00,0,0,0,0,EF0,0.01,MANSURA,$0.00 ,$0.00 ,0
TENNESSEE,Tornado,COFFEE,11/29/2016,21:05:00,1,0,0,0,EF1,7.99,TULLAHOMA,"$750,000.00 ",$0.00 ,1
LOUISIANA,Tornado,JEFFERSON,11/30/2016,8:45:00,0,0,0,0,EF0,0.76,WESTWEGO,$0.00 ,$0.00 ,0
KANSAS,Tornado,RILEY,11/22/2016,15:51:00,0,0,0,0,EF0,0.3,(MHK)MANHATTAN MUNI,$0.00 ,$0.00 ,0
NEBRASKA,Tornado,BOX BUTTE,7/6/2016,14:14:00,0,0,0,0,EF0,3.16,HEMINGFORD,$0.00 ,$0.00 ,0
NORTH DAKOTA,Tornado,RENVILLE,7/7/2016,13:30:00,0,0,0,0,EF0,0.32,LORAINE,$0.00 ,$0.00 ,0
NORTH DAKOTA,Tornado,BOTTINEAU,7/7/2016,14:38:00,0,0,0,0,EF0,0.26,NEWBURG,$0.00 ,$0.00 ,0
SOUTH CAROLINA,Tornado,SPARTANBURG,11/30/2016,16:59:00,0,0,0,0,EF0,1.73,CRESCENT,$0.00 ,$0.00 ,0
SOUTH CAROLINA,Tornado,GREENVILLE,11/30/2016,16:41:00,0,0,0,0,EF1,14.71,WOODVILLE,"$500,000.00 ",$0.00 ,1
ALABAMA,Tornado,WINSTON,11/29/2016,20:04:00,0,0,0,0,EF1,0.4,FORKVILLE,$0.00 ,$0.00 ,1
TENNESSEE,Tornado,COFFEE,11/29/2016,21:24:00,0,0,0,0,EF1,3.51,RED HILL,"$250,000.00 ",$0.00 ,1
WISCONSIN,Tornado,BUFFALO,7/5/2016,20:10:00,0,0,0,0,EF1,0.74,CREAM,"$260,000.00 ",$0.00 ,1
WISCONSIN,Tornado,BUFFALO,7/5/2016,20:13:00,0,0,0,0,EF1,0.45,GARDEN VLY,"$235,000.00 ",$0.00 ,1
GEORGIA,Tornado,CHATHAM,7/22/2016,10:10:00,0,0,0,0,EF0,0.09,WILMINGTON IS,$0.00 ,$0.00 ,0
KANSAS,Tornado,GREENWOOD,7/7/2016,20:10:00,0,0,0,0,EF3,4.19,TETERVILLE,"$100,000.00 ","$10,000.00 ",3
NORTH DAKOTA,Tornado,MORTON,7/9/2016,6:35:00,0,0,0,0,EF0,0.07,FLASHER,$0.00 ,$0.00 ,0
WISCONSIN,Tornado,VERNON,7/5/2016,21:31:00,0,0,0,0,EF0,0.83,RETREAT,"$5,000.00 ",$0.00 ,0
ALABAMA,Tornado,FAYETTE,11/29/2016,20:06:00,0,0,0,0,EF0,0.3,HUBERTVILLE,$0.00 ,$0.00 ,0
NORTH DAKOTA,Tornado,GRANT,7/26/2016,17:50:00,0,0,0,0,EF0,0.09,FREDA,$0.00 ,$0.00 ,0
COLORADO,Tornado,LOGAN,5/30/2016,13:18:00,0,0,0,0,EF1,4.49,PEETZ,$0.00 ,$0.00 ,1
COLORADO,Tornado,WELD,5/7/2016,13:55:00,0,0,0,0,EF2,8.8,MASTERS,$0.00 ,$0.00 ,2
COLORADO,Tornado,MORGAN,5/7/2016,14:35:00,0,0,0,0,EF0,0.5,FT MORGAN ARPT,$0.00 ,$0.00 ,0
COLORADO,Tornado,MORGAN,5/7/2016,13:20:00,0,0,0,0,EF0,0.5,GOODRICH,$0.00 ,$0.00 ,0
COLORADO,Tornado,WELD,5/7/2016,13:25:00,0,0,0,0,EF0,0.5,BUCKINGHAM,$0.00 ,$0.00 ,0
MISSISSIPPI,Tornado,RANKIN,11/29/2016,15:57:00,0,0,0,0,EF1,2.68,LEESBURG,"$30,000.00 ",$0.00 ,1
MISSISSIPPI,Tornado,SCOTT,11/29/2016,16:01:00,0,0,0,0,EF1,18.55,GROVETON,"$120,000.00 ",$0.00 ,1
COLORADO,Tornado,WASHINGTON,5/24/2016,16:44:00,0,0,0,0,EF0,0.01,AKRON,$0.00 ,$0.00 ,0
COLORADO,Tornado,ADAMS,5/24/2016,16:48:00,0,0,0,0,EF0,0.01,SHAMROCK,$0.00 ,$0.00 ,0
COLORADO,Tornado,WASHINGTON,5/24/2016,17:44:00,0,0,0,0,EF0,0.01,AKRON,$0.00 ,$0.00 ,0
MARYLAND,Tornado,ST. MARY'S,2/24/2016,19:12:00,0,0,0,0,EF0,6.55,WHITE PT BEACH,$0.00 ,$0.00 ,0
COLORADO,Tornado,WASHINGTON,5/24/2016,17:47:00,0,0,0,0,EF1,0.86,PLATNER,$0.00 ,$0.00 ,1
MISSISSIPPI,Tornado,HARRISON,12/13/2016,15:21:00,0,0,0,0,EF0,2.73,LIGANA,$0.00 ,$0.00 ,0
CALIFORNIA,Tornado,NAPA,4/27/2016,14:24:00,0,0,0,0,EF0,0.19,OAK KNOLL,$0.00 ,$0.00 ,0
WYOMING,Tornado,SUBLETTE,9/4/2016,12:06:00,0,0,0,0,EF1,2.42,WARREN BRIDGE,"$1,000.00 ",$0.00 ,1
TENNESSEE,Tornado,SEQUATCHIE,11/29/2016,23:04:00,2,0,0,0,EF2,7.59,CARTWRIGHT,$0.00 ,$0.00 ,2
NEBRASKA,Tornado,MORRILL,7/29/2016,16:22:00,0,0,0,0,EF0,1.31,DALTON,$0.00 ,$0.00 ,0
MISSISSIPPI,Tornado,LINCOLN,1/21/2016,16:25:00,0,0,0,0,EF0,1.01,NEW SIGHT,"$10,000.00 ",$0.00 ,0
TENNESSEE,Tornado,POLK,11/30/2016,2:28:00,0,0,2,0,EF3,4.6,OCOEE,$0.00 ,$0.00 ,3
MISSISSIPPI,Tornado,SIMPSON,1/21/2016,17:20:00,0,0,0,0,EF1,3.89,BUSH,"$17,000.00 ",$0.00 ,1
TENNESSEE,Tornado,MARION,11/29/2016,23:03:00,0,0,0,0,EF2,0.56,MORGANVILLE,$0.00 ,$0.00 ,2
TEXAS,Tornado,HARRIS,4/18/2016,4:14:00,0,0,0,0,EF0,0.14,HUFFMAN,"$10,000.00 ",$0.00 ,0
TEXAS,Tornado,HARRIS,4/17/2016,11:10:00,0,0,0,0,EF0,0.47,SPRING SKYLINE ARPT,"$30,000.00 ",$0.00 ,0
TEXAS,Tornado,HARRIS,4/18/2016,4:12:00,0,0,0,0,EF0,0.23,LAKE HOUSTON,"$30,000.00 ",$0.00 ,0
TEXAS,Tornado,HARRIS,4/27/2016,3:43:00,0,0,1,0,EF0,0.41,HOUSTON HOOKS ARPT,"$200,000.00 ",$0.00 ,0
INDIANA,Tornado,ADAMS,8/24/2016,16:49:00,0,0,0,0,EF1,7.56,LINN GROVE,$0.00 ,$0.00 ,1
INDIANA,Tornado,ALLEN,8/24/2016,16:27:00,0,0,0,0,EF3,5.16,MILAN CENTER,$0.00 ,$0.00 ,3
INDIANA,Tornado,MIAMI,8/24/2016,17:13:00,0,0,0,0,EF0,0.06,RIDGEVIEW,$0.00 ,$0.00 ,0
OHIO,Tornado,DEFIANCE,8/24/2016,17:00:00,0,0,0,0,EF2,1.62,MARK CENTER,$0.00 ,$0.00 ,2
TEXAS,Tornado,GALVESTON,4/24/2016,17:29:00,0,0,0,0,EF0,1.44,LEAGUE CITY S S ARPT,"$100,000.00 ",$0.00 ,0
MICHIGAN,Tornado,LUCE,7/8/2016,16:56:00,0,0,0,0,EF0,0.25,MC LEODS CORNER,"$5,000.00 ",$0.00 ,0
MICHIGAN,Tornado,GOGEBIC,7/11/2016,22:44:00,0,0,0,0,EF1,0.85,HURLEY,"$50,000.00 ",$0.00 ,1
MICHIGAN,Tornado,GOGEBIC,7/11/2016,22:55:00,0,0,0,0,EF1,2.44,PURITAN,"$100,000.00 ",$0.00 ,1
OHIO,Tornado,DEFIANCE,8/24/2016,17:28:00,0,0,0,0,EF2,2.64,BRUNERSBURG,$0.00 ,$0.00 ,2
OHIO,Tornado,VAN WERT,8/24/2016,17:30:00,0,0,0,0,EF1,5.45,MIDDLEBURY,$0.00 ,$0.00 ,1
OHIO,Tornado,VAN WERT,8/24/2016,17:51:00,0,0,0,0,EF0,4.65,VAN WERT,$0.00 ,$0.00 ,0
OHIO,Tornado,HENRY,8/24/2016,18:49:00,0,0,0,0,EF0,0.14,PLEASANT BEND,$0.00 ,$0.00 ,0
OHIO,Tornado,VAN WERT,8/24/2016,18:04:00,0,0,0,0,EF0,2.46,WETSEL,$0.00 ,$0.00 ,0
OHIO,Tornado,HENRY,8/24/2016,18:19:00,0,0,0,0,EF0,0.01,TEXAS,$0.00 ,$0.00 ,0
INDIANA,Tornado,HUNTINGTON,6/22/2016,23:51:00,0,0,0,0,EF1,2.4,MAJENICA,$0.00 ,$0.00 ,1
INDIANA,Tornado,HUNTINGTON,6/22/2016,23:57:00,0,0,0,0,EF2,2.35,TOLEDO,$0.00 ,$0.00 ,2
OHIO,Tornado,PUTNAM,8/24/2016,18:48:00,0,0,0,0,EF0,0.5,NORTH CREEK,$0.00 ,$0.00 ,0
INDIANA,Tornado,ALLEN,8/20/2016,16:42:00,0,0,0,0,EF0,2.38,BROOKSIDE ESTATES,$0.00 ,$0.00 ,0
INDIANA,Tornado,KOSCIUSKO,8/20/2016,13:53:00,0,0,0,0,EF0,1.6,HASTINGS,$0.00 ,$0.00 ,0
OHIO,Tornado,PUTNAM,8/24/2016,18:26:00,0,0,0,0,EF0,1.23,DUPONT,$0.00 ,$0.00 ,0
INDIANA,Tornado,WELLS,8/24/2016,15:59:00,0,0,0,0,EF0,0.04,MC NATTS,$0.00 ,$0.00 ,0
INDIANA,Tornado,ELKHART,8/20/2016,14:19:00,0,0,0,0,EF0,0.06,BENTON,$0.00 ,$0.00 ,0
OHIO,Tornado,VAN WERT,8/24/2016,17:41:00,0,0,0,0,EF0,1.47,CONVOY,$0.00 ,$0.00 ,0
COLORADO,Tornado,WELD,4/12/2016,14:02:00,0,0,0,0,EFU,0.01,LUCERNE,$0.00 ,$0.00 ,-1
